parent_category_name,category_name,required_credit_point,image_url
"",Mobile,1.0,https://fastly.picsum.photos/id/0/5000/3333.jpg?hmac=_j6ghY5fCfSD6tvtcV74zXivkJSPIfR9B8w34XeQmvU
Mobile,Mobile,1.0,https://fastly.picsum.photos/id/0/5000/3333.jpg?hmac=_j6ghY5fCfSD6tvtcV74zXivkJSPIfR9B8w34XeQmvU
"",PC,1.0,https://fastly.picsum.photos/id/0/5000/3333.jpg?hmac=_j6ghY5fCfSD6tvtcV74zXivkJSPIfR9B8w34XeQmvU
PC,HDD,1.0,https://fastly.picsum.photos/id/0/5000/3333.jpg?hmac=_j6ghY5fCfSD6tvtcV74zXivkJSPIfR9B8w34XeQmvU
PC,SSD,1.0,https://fastly.picsum.photos/id/0/5000/3333.jpg?hmac=_j6ghY5fCfSD6tvtcV74zXivkJSPIfR9B8w34XeQmvU
PC,Speaker,1.0,https://fastly.picsum.photos/id/0/5000/3333.jpg?hmac=_j6ghY5fCfSD6tvtcV74zXivkJSPIfR9B8w34XeQmvU
PC,Headphone,1.0,https://fastly.picsum.photos/id/0/5000/3333.jpg?hmac=_j6ghY5fCfSD6tvtcV74zXivkJSPIfR9B8w34XeQmvU
PC,Bluetooth Headsets/Speakers,1.0,https://fastly.picsum.photos/id/0/5000/3333.jpg?hmac=_j6ghY5fCfSD6tvtcV74zXivkJSPIfR9B8w34XeQmvU
PC,Video Game Consoles,1.0,https://fastly.picsum.photos/id/0/5000/3333.jpg?hmac=_j6ghY5fCfSD6tvtcV74zXivkJSPIfR9B8w34XeQmvU
PC,Pen Drive,1.0,https://fastly.picsum.photos/id/0/5000/3333.jpg?hmac=_j6ghY5fCfSD6tvtcV74zXivkJSPIfR9B8w34XeQmvU
PC,Camera,1.0,https://fastly.picsum.photos/id/0/5000/3333.jpg?hmac=_j6ghY5fCfSD6tvtcV74zXivkJSPIfR9B8w34XeQmvU
PC,Keyboard Mouse Combo pack,1.0,https://fastly.picsum.photos/id/0/5000/3333.jpg?hmac=_j6ghY5fCfSD6tvtcV74zXivkJSPIfR9B8w34XeQmvU
PC,Laptop,1.0,https://fastly.picsum.photos/id/0/5000/3333.jpg?hmac=_j6ghY5fCfSD6tvtcV74zXivkJSPIfR9B8w34XeQmvU
PC,Tablet,1.0,https://fastly.picsum.photos/id/0/5000/3333.jpg?hmac=_j6ghY5fCfSD6tvtcV74zXivkJSPIfR9B8w34XeQmvU
PC,Computing Accessories - Other,1.0,https://fastly.picsum.photos/id/0/5000/3333.jpg?hmac=_j6ghY5fCfSD6tvtcV74zXivkJSPIfR9B8w34XeQmvU
PC,PC gaming accessories,1.0,https://fastly.picsum.photos/id/0/5000/3333.jpg?hmac=_j6ghY5fCfSD6tvtcV74zXivkJSPIfR9B8w34XeQmvU
PC,USB flash drives,1.0,https://fastly.picsum.photos/id/0/5000/3333.jpg?hmac=_j6ghY5fCfSD6tvtcV74zXivkJSPIfR9B8w34XeQmvU
PC,Modems and networking devices,1.0,https://fastly.picsum.photos/id/0/5000/3333.jpg?hmac=_j6ghY5fCfSD6tvtcV74zXivkJSPIfR9B8w34XeQmvU
PC,Compatible inkjet cartridges,1.0,https://fastly.picsum.photos/id/0/5000/3333.jpg?hmac=_j6ghY5fCfSD6tvtcV74zXivkJSPIfR9B8w34XeQmvU
PC,Compatible laser toners,1.0,https://fastly.picsum.photos/id/0/5000/3333.jpg?hmac=_j6ghY5fCfSD6tvtcV74zXivkJSPIfR9B8w34XeQmvU
PC,Cases,1.0,https://fastly.picsum.photos/id/0/5000/3333.jpg?hmac=_j6ghY5fCfSD6tvtcV74zXivkJSPIfR9B8w34XeQmvU
PC,Solid state drives,1.0,https://fastly.picsum.photos/id/0/5000/3333.jpg?hmac=_j6ghY5fCfSD6tvtcV74zXivkJSPIfR9B8w34XeQmvU
PC,Computing Components and Networking: Other,1.0,https://fastly.picsum.photos/id/0/5000/3333.jpg?hmac=_j6ghY5fCfSD6tvtcV74zXivkJSPIfR9B8w34XeQmvU
PC,Network attached storage,1.0,https://fastly.picsum.photos/id/0/5000/3333.jpg?hmac=_j6ghY5fCfSD6tvtcV74zXivkJSPIfR9B8w34XeQmvU
PC,Workspace and gadgets accessories,1.0,https://fastly.picsum.photos/id/0/5000/3333.jpg?hmac=_j6ghY5fCfSD6tvtcV74zXivkJSPIfR9B8w34XeQmvU
PC,Cables,1.0,https://fastly.picsum.photos/id/0/5000/3333.jpg?hmac=_j6ghY5fCfSD6tvtcV74zXivkJSPIfR9B8w34XeQmvU
PC,Memory cards,1.0,https://fastly.picsum.photos/id/0/5000/3333.jpg?hmac=_j6ghY5fCfSD6tvtcV74zXivkJSPIfR9B8w34XeQmvU
PC,Keying devices,1.0,https://fastly.picsum.photos/id/0/5000/3333.jpg?hmac=_j6ghY5fCfSD6tvtcV74zXivkJSPIfR9B8w34XeQmvU
PC,Mice,1.0,https://fastly.picsum.photos/id/0/5000/3333.jpg?hmac=_j6ghY5fCfSD6tvtcV74zXivkJSPIfR9B8w34XeQmvU
PC,Headsets,1.0,https://fastly.picsum.photos/id/0/5000/3333.jpg?hmac=_j6ghY5fCfSD6tvtcV74zXivkJSPIfR9B8w34XeQmvU
PC,External hard drives,1.0,https://fastly.picsum.photos/id/0/5000/3333.jpg?hmac=_j6ghY5fCfSD6tvtcV74zXivkJSPIfR9B8w34XeQmvU
PC,Batteries_ external power adaptors_ docking stations,1.0,https://fastly.picsum.photos/id/0/5000/3333.jpg?hmac=_j6ghY5fCfSD6tvtcV74zXivkJSPIfR9B8w34XeQmvU
PC,Business inkjet printers,1.0,https://fastly.picsum.photos/id/0/5000/3333.jpg?hmac=_j6ghY5fCfSD6tvtcV74zXivkJSPIfR9B8w34XeQmvU
PC,Webcams_ video conferencing,1.0,https://fastly.picsum.photos/id/0/5000/3333.jpg?hmac=_j6ghY5fCfSD6tvtcV74zXivkJSPIfR9B8w34XeQmvU
PC,Monitors: Other,1.0,https://fastly.picsum.photos/id/0/5000/3333.jpg?hmac=_j6ghY5fCfSD6tvtcV74zXivkJSPIfR9B8w34XeQmvU
PC,Consumer laser printers,1.0,https://fastly.picsum.photos/id/0/5000/3333.jpg?hmac=_j6ghY5fCfSD6tvtcV74zXivkJSPIfR9B8w34XeQmvU
PC,Consumer inkjet printers,1.0,https://fastly.picsum.photos/id/0/5000/3333.jpg?hmac=_j6ghY5fCfSD6tvtcV74zXivkJSPIfR9B8w34XeQmvU
PC,Laptop bags_ sleeves_ covers,1.0,https://fastly.picsum.photos/id/0/5000/3333.jpg?hmac=_j6ghY5fCfSD6tvtcV74zXivkJSPIfR9B8w34XeQmvU
"",Furniture,1.0,https://fastly.picsum.photos/id/0/5000/3333.jpg?hmac=_j6ghY5fCfSD6tvtcV74zXivkJSPIfR9B8w34XeQmvU
Furniture,Desks and Tables- Large,1.0,https://fastly.picsum.photos/id/0/5000/3333.jpg?hmac=_j6ghY5fCfSD6tvtcV74zXivkJSPIfR9B8w34XeQmvU
Furniture,Dining Tables- Large,1.0,https://fastly.picsum.photos/id/0/5000/3333.jpg?hmac=_j6ghY5fCfSD6tvtcV74zXivkJSPIfR9B8w34XeQmvU
Furniture,Sofas- Large,1.0,https://fastly.picsum.photos/id/0/5000/3333.jpg?hmac=_j6ghY5fCfSD6tvtcV74zXivkJSPIfR9B8w34XeQmvU
Furniture,Shoe Racks- Large,1.0,https://fastly.picsum.photos/id/0/5000/3333.jpg?hmac=_j6ghY5fCfSD6tvtcV74zXivkJSPIfR9B8w34XeQmvU
Furniture,Bean Bags- Large,1.0,https://fastly.picsum.photos/id/0/5000/3333.jpg?hmac=_j6ghY5fCfSD6tvtcV74zXivkJSPIfR9B8w34XeQmvU
Furniture,TV stands and Entertainment Units - Large,1.0,https://fastly.picsum.photos/id/0/5000/3333.jpg?hmac=_j6ghY5fCfSD6tvtcV74zXivkJSPIfR9B8w34XeQmvU
Furniture,Wall Shelves- Large,1.0,https://fastly.picsum.photos/id/0/5000/3333.jpg?hmac=_j6ghY5fCfSD6tvtcV74zXivkJSPIfR9B8w34XeQmvU
Furniture,Shelves and Cabinets- Large,1.0,https://fastly.picsum.photos/id/0/5000/3333.jpg?hmac=_j6ghY5fCfSD6tvtcV74zXivkJSPIfR9B8w34XeQmvU
Furniture,Tables- Large,1.0,https://fastly.picsum.photos/id/0/5000/3333.jpg?hmac=_j6ghY5fCfSD6tvtcV74zXivkJSPIfR9B8w34XeQmvU
Furniture,Cabinets- Large,1.0,https://fastly.picsum.photos/id/0/5000/3333.jpg?hmac=_j6ghY5fCfSD6tvtcV74zXivkJSPIfR9B8w34XeQmvU
Furniture,Beds- Large,1.0,https://fastly.picsum.photos/id/0/5000/3333.jpg?hmac=_j6ghY5fCfSD6tvtcV74zXivkJSPIfR9B8w34XeQmvU
Furniture,Sideboards and Cabinets- Large,1.0,https://fastly.picsum.photos/id/0/5000/3333.jpg?hmac=_j6ghY5fCfSD6tvtcV74zXivkJSPIfR9B8w34XeQmvU
Furniture,Bookcases- Large,1.0,https://fastly.picsum.photos/id/0/5000/3333.jpg?hmac=_j6ghY5fCfSD6tvtcV74zXivkJSPIfR9B8w34XeQmvU
Furniture,Chest of Drawers - Large,1.0,https://fastly.picsum.photos/id/0/5000/3333.jpg?hmac=_j6ghY5fCfSD6tvtcV74zXivkJSPIfR9B8w34XeQmvU
Furniture,Bedside Cabinets - Large,1.0,https://fastly.picsum.photos/id/0/5000/3333.jpg?hmac=_j6ghY5fCfSD6tvtcV74zXivkJSPIfR9B8w34XeQmvU
Furniture,Chairs- Large,1.0,https://fastly.picsum.photos/id/0/5000/3333.jpg?hmac=_j6ghY5fCfSD6tvtcV74zXivkJSPIfR9B8w34XeQmvU
Furniture,Desks- Large,1.0,https://fastly.picsum.photos/id/0/5000/3333.jpg?hmac=_j6ghY5fCfSD6tvtcV74zXivkJSPIfR9B8w34XeQmvU
Furniture,Storage and Shelves- Large,1.0,https://fastly.picsum.photos/id/0/5000/3333.jpg?hmac=_j6ghY5fCfSD6tvtcV74zXivkJSPIfR9B8w34XeQmvU
Furniture,Ottomans and Footstools- Large,1.0,https://fastly.picsum.photos/id/0/5000/3333.jpg?hmac=_j6ghY5fCfSD6tvtcV74zXivkJSPIfR9B8w34XeQmvU
Furniture,Mattress- Large,1.0,https://fastly.picsum.photos/id/0/5000/3333.jpg?hmac=_j6ghY5fCfSD6tvtcV74zXivkJSPIfR9B8w34XeQmvU
Furniture,Patio Benches- Large,1.0,https://fastly.picsum.photos/id/0/5000/3333.jpg?hmac=_j6ghY5fCfSD6tvtcV74zXivkJSPIfR9B8w34XeQmvU
"",Electronics,1.0,https://fastly.picsum.photos/id/0/5000/3333.jpg?hmac=_j6ghY5fCfSD6tvtcV74zXivkJSPIfR9B8w34XeQmvU
Electronics,Car Audio and Video Accessories,1.0,https://fastly.picsum.photos/id/0/5000/3333.jpg?hmac=_j6ghY5fCfSD6tvtcV74zXivkJSPIfR9B8w34XeQmvU
Electronics,Car Speakers and Subwoofers,1.0,https://fastly.picsum.photos/id/0/5000/3333.jpg?hmac=_j6ghY5fCfSD6tvtcV74zXivkJSPIfR9B8w34XeQmvU
Electronics,Car Stereo,1.0,https://fastly.picsum.photos/id/0/5000/3333.jpg?hmac=_j6ghY5fCfSD6tvtcV74zXivkJSPIfR9B8w34XeQmvU
Electronics,Small Electronics,1.0,https://fastly.picsum.photos/id/0/5000/3333.jpg?hmac=_j6ghY5fCfSD6tvtcV74zXivkJSPIfR9B8w34XeQmvU
Electronics,Home Theater in a Box,1.0,https://fastly.picsum.photos/id/0/5000/3333.jpg?hmac=_j6ghY5fCfSD6tvtcV74zXivkJSPIfR9B8w34XeQmvU
Electronics,Video,1.0,https://fastly.picsum.photos/id/0/5000/3333.jpg?hmac=_j6ghY5fCfSD6tvtcV74zXivkJSPIfR9B8w34XeQmvU
Electronics,Batteries,1.0,https://fastly.picsum.photos/id/0/5000/3333.jpg?hmac=_j6ghY5fCfSD6tvtcV74zXivkJSPIfR9B8w34XeQmvU
Electronics,Accessories.,1.0,https://fastly.picsum.photos/id/0/5000/3333.jpg?hmac=_j6ghY5fCfSD6tvtcV74zXivkJSPIfR9B8w34XeQmvU
Electronics,All MP3 Accessories,1.0,https://fastly.picsum.photos/id/0/5000/3333.jpg?hmac=_j6ghY5fCfSD6tvtcV74zXivkJSPIfR9B8w34XeQmvU
Electronics,MP3 Players,1.0,https://fastly.picsum.photos/id/0/5000/3333.jpg?hmac=_j6ghY5fCfSD6tvtcV74zXivkJSPIfR9B8w34XeQmvU
Electronics,Home Theater Projectors,1.0,https://fastly.picsum.photos/id/0/5000/3333.jpg?hmac=_j6ghY5fCfSD6tvtcV74zXivkJSPIfR9B8w34XeQmvU
Electronics,Audio Video Cables,1.0,https://fastly.picsum.photos/id/0/5000/3333.jpg?hmac=_j6ghY5fCfSD6tvtcV74zXivkJSPIfR9B8w34XeQmvU
Electronics,Computer Cables,1.0,https://fastly.picsum.photos/id/0/5000/3333.jpg?hmac=_j6ghY5fCfSD6tvtcV74zXivkJSPIfR9B8w34XeQmvU
Electronics,Accessories Other,1.0,https://fastly.picsum.photos/id/0/5000/3333.jpg?hmac=_j6ghY5fCfSD6tvtcV74zXivkJSPIfR9B8w34XeQmvU
Electronics,A/V Mounts and Stands,1.0,https://fastly.picsum.photos/id/0/5000/3333.jpg?hmac=_j6ghY5fCfSD6tvtcV74zXivkJSPIfR9B8w34XeQmvU
"",Home,1.0,https://fastly.picsum.photos/id/0/5000/3333.jpg?hmac=_j6ghY5fCfSD6tvtcV74zXivkJSPIfR9B8w34XeQmvU
Home,Table Lamps,1.0,https://fastly.picsum.photos/id/0/5000/3333.jpg?hmac=_j6ghY5fCfSD6tvtcV74zXivkJSPIfR9B8w34XeQmvU
Home,Heart Rate Monitor,1.0,https://fastly.picsum.photos/id/0/5000/3333.jpg?hmac=_j6ghY5fCfSD6tvtcV74zXivkJSPIfR9B8w34XeQmvU
Home,Floor Lamps,1.0,https://fastly.picsum.photos/id/0/5000/3333.jpg?hmac=_j6ghY5fCfSD6tvtcV74zXivkJSPIfR9B8w34XeQmvU
Home,Cushion Covers,1.0,https://fastly.picsum.photos/id/0/5000/3333.jpg?hmac=_j6ghY5fCfSD6tvtcV74zXivkJSPIfR9B8w34XeQmvU
Home,Helmet,1.0,https://fastly.picsum.photos/id/0/5000/3333.jpg?hmac=_j6ghY5fCfSD6tvtcV74zXivkJSPIfR9B8w34XeQmvU
Home,Hardware,1.0,https://fastly.picsum.photos/id/0/5000/3333.jpg?hmac=_j6ghY5fCfSD6tvtcV74zXivkJSPIfR9B8w34XeQmvU
Home,Waste and Recycling,1.0,https://fastly.picsum.photos/id/0/5000/3333.jpg?hmac=_j6ghY5fCfSD6tvtcV74zXivkJSPIfR9B8w34XeQmvU
Home,Vases and Vase Fillers,1.0,https://fastly.picsum.photos/id/0/5000/3333.jpg?hmac=_j6ghY5fCfSD6tvtcV74zXivkJSPIfR9B8w34XeQmvU
Home,Lighting Fixtures,1.0,https://fastly.picsum.photos/id/0/5000/3333.jpg?hmac=_j6ghY5fCfSD6tvtcV74zXivkJSPIfR9B8w34XeQmvU
Home,Home Office Storage,1.0,https://fastly.picsum.photos/id/0/5000/3333.jpg?hmac=_j6ghY5fCfSD6tvtcV74zXivkJSPIfR9B8w34XeQmvU
Home,Mirrors,1.0,https://fastly.picsum.photos/id/0/5000/3333.jpg?hmac=_j6ghY5fCfSD6tvtcV74zXivkJSPIfR9B8w34XeQmvU
Home,Lamp Shades,1.0,https://fastly.picsum.photos/id/0/5000/3333.jpg?hmac=_j6ghY5fCfSD6tvtcV74zXivkJSPIfR9B8w34XeQmvU
Home,Curtain Linen,1.0,https://fastly.picsum.photos/id/0/5000/3333.jpg?hmac=_j6ghY5fCfSD6tvtcV74zXivkJSPIfR9B8w34XeQmvU
Home,Home Decor Accents,1.0,https://fastly.picsum.photos/id/0/5000/3333.jpg?hmac=_j6ghY5fCfSD6tvtcV74zXivkJSPIfR9B8w34XeQmvU
Home,Decorative Stickers,1.0,https://fastly.picsum.photos/id/0/5000/3333.jpg?hmac=_j6ghY5fCfSD6tvtcV74zXivkJSPIfR9B8w34XeQmvU
Home,Storage,1.0,https://fastly.picsum.photos/id/0/5000/3333.jpg?hmac=_j6ghY5fCfSD6tvtcV74zXivkJSPIfR9B8w34XeQmvU
Home,Artificial Flora,1.0,https://fastly.picsum.photos/id/0/5000/3333.jpg?hmac=_j6ghY5fCfSD6tvtcV74zXivkJSPIfR9B8w34XeQmvU
Home,Bathroom Accessories and Organization,1.0,https://fastly.picsum.photos/id/0/5000/3333.jpg?hmac=_j6ghY5fCfSD6tvtcV74zXivkJSPIfR9B8w34XeQmvU
Home,Towels,1.0,https://fastly.picsum.photos/id/0/5000/3333.jpg?hmac=_j6ghY5fCfSD6tvtcV74zXivkJSPIfR9B8w34XeQmvU
Home,Closet Organization,1.0,https://fastly.picsum.photos/id/0/5000/3333.jpg?hmac=_j6ghY5fCfSD6tvtcV74zXivkJSPIfR9B8w34XeQmvU
Home,Laundry Organization,1.0,https://fastly.picsum.photos/id/0/5000/3333.jpg?hmac=_j6ghY5fCfSD6tvtcV74zXivkJSPIfR9B8w34XeQmvU
Home,Carpets,1.0,https://fastly.picsum.photos/id/0/5000/3333.jpg?hmac=_j6ghY5fCfSD6tvtcV74zXivkJSPIfR9B8w34XeQmvU
Home,Photo Frames and Album,1.0,https://fastly.picsum.photos/id/0/5000/3333.jpg?hmac=_j6ghY5fCfSD6tvtcV74zXivkJSPIfR9B8w34XeQmvU
Home,Wall Shelves,1.0,https://fastly.picsum.photos/id/0/5000/3333.jpg?hmac=_j6ghY5fCfSD6tvtcV74zXivkJSPIfR9B8w34XeQmvU
Home,Craft Supplies,1.0,https://fastly.picsum.photos/id/0/5000/3333.jpg?hmac=_j6ghY5fCfSD6tvtcV74zXivkJSPIfR9B8w34XeQmvU
Home,Candle Holders,1.0,https://fastly.picsum.photos/id/0/5000/3333.jpg?hmac=_j6ghY5fCfSD6tvtcV74zXivkJSPIfR9B8w34XeQmvU
Home,ArtPrints,1.0,https://fastly.picsum.photos/id/0/5000/3333.jpg?hmac=_j6ghY5fCfSD6tvtcV74zXivkJSPIfR9B8w34XeQmvU
Home,Shoe Organization,1.0,https://fastly.picsum.photos/id/0/5000/3333.jpg?hmac=_j6ghY5fCfSD6tvtcV74zXivkJSPIfR9B8w34XeQmvU
Home,Diwan Set,1.0,https://fastly.picsum.photos/id/0/5000/3333.jpg?hmac=_j6ghY5fCfSD6tvtcV74zXivkJSPIfR9B8w34XeQmvU
Home,Candles,1.0,https://fastly.picsum.photos/id/0/5000/3333.jpg?hmac=_j6ghY5fCfSD6tvtcV74zXivkJSPIfR9B8w34XeQmvU
Home,Home Fragrance,1.0,https://fastly.picsum.photos/id/0/5000/3333.jpg?hmac=_j6ghY5fCfSD6tvtcV74zXivkJSPIfR9B8w34XeQmvU
Home,Slipcovers,1.0,https://fastly.picsum.photos/id/0/5000/3333.jpg?hmac=_j6ghY5fCfSD6tvtcV74zXivkJSPIfR9B8w34XeQmvU
Home,Display,1.0,https://fastly.picsum.photos/id/0/5000/3333.jpg?hmac=_j6ghY5fCfSD6tvtcV74zXivkJSPIfR9B8w34XeQmvU
Home,Shower Curtains,1.0,https://fastly.picsum.photos/id/0/5000/3333.jpg?hmac=_j6ghY5fCfSD6tvtcV74zXivkJSPIfR9B8w34XeQmvU
Home,Seasonal Decorations,1.0,https://fastly.picsum.photos/id/0/5000/3333.jpg?hmac=_j6ghY5fCfSD6tvtcV74zXivkJSPIfR9B8w34XeQmvU
Home,Wall Hooks and Key Holders,1.0,https://fastly.picsum.photos/id/0/5000/3333.jpg?hmac=_j6ghY5fCfSD6tvtcV74zXivkJSPIfR9B8w34XeQmvU
Home,Fireplaces,1.0,https://fastly.picsum.photos/id/0/5000/3333.jpg?hmac=_j6ghY5fCfSD6tvtcV74zXivkJSPIfR9B8w34XeQmvU
Home,Torches,1.0,https://fastly.picsum.photos/id/0/5000/3333.jpg?hmac=_j6ghY5fCfSD6tvtcV74zXivkJSPIfR9B8w34XeQmvU
Home,Specialty Lighting,1.0,https://fastly.picsum.photos/id/0/5000/3333.jpg?hmac=_j6ghY5fCfSD6tvtcV74zXivkJSPIfR9B8w34XeQmvU
Home,Light Bulbs,1.0,https://fastly.picsum.photos/id/0/5000/3333.jpg?hmac=_j6ghY5fCfSD6tvtcV74zXivkJSPIfR9B8w34XeQmvU
Home,Desk Lamps,1.0,https://fastly.picsum.photos/id/0/5000/3333.jpg?hmac=_j6ghY5fCfSD6tvtcV74zXivkJSPIfR9B8w34XeQmvU
Home,Paintings,1.0,https://fastly.picsum.photos/id/0/5000/3333.jpg?hmac=_j6ghY5fCfSD6tvtcV74zXivkJSPIfR9B8w34XeQmvU
"",Lawn and Garden,1.0,https://fastly.picsum.photos/id/0/5000/3333.jpg?hmac=_j6ghY5fCfSD6tvtcV74zXivkJSPIfR9B8w34XeQmvU
Lawn and Garden,Landscape Fabric_ Edging & Fencing,1.0,https://fastly.picsum.photos/id/0/5000/3333.jpg?hmac=_j6ghY5fCfSD6tvtcV74zXivkJSPIfR9B8w34XeQmvU
Lawn and Garden,Charcoal Grills,1.0,https://fastly.picsum.photos/id/0/5000/3333.jpg?hmac=_j6ghY5fCfSD6tvtcV74zXivkJSPIfR9B8w34XeQmvU
Lawn and Garden,Indoor Gardening,1.0,https://fastly.picsum.photos/id/0/5000/3333.jpg?hmac=_j6ghY5fCfSD6tvtcV74zXivkJSPIfR9B8w34XeQmvU
Lawn and Garden,Manual Tools,1.0,https://fastly.picsum.photos/id/0/5000/3333.jpg?hmac=_j6ghY5fCfSD6tvtcV74zXivkJSPIfR9B8w34XeQmvU
Lawn and Garden,Solar structure and other tools,1.0,https://fastly.picsum.photos/id/0/5000/3333.jpg?hmac=_j6ghY5fCfSD6tvtcV74zXivkJSPIfR9B8w34XeQmvU
Lawn and Garden,Pest Control - Spring/Summer,1.0,https://fastly.picsum.photos/id/0/5000/3333.jpg?hmac=_j6ghY5fCfSD6tvtcV74zXivkJSPIfR9B8w34XeQmvU
Lawn and Garden,Plants_ Seeds & Bulbs,1.0,https://fastly.picsum.photos/id/0/5000/3333.jpg?hmac=_j6ghY5fCfSD6tvtcV74zXivkJSPIfR9B8w34XeQmvU
Lawn and Garden,Seeds,1.0,https://fastly.picsum.photos/id/0/5000/3333.jpg?hmac=_j6ghY5fCfSD6tvtcV74zXivkJSPIfR9B8w34XeQmvU
Lawn and Garden,Planters,1.0,https://fastly.picsum.photos/id/0/5000/3333.jpg?hmac=_j6ghY5fCfSD6tvtcV74zXivkJSPIfR9B8w34XeQmvU
Lawn and Garden,Watering,1.0,https://fastly.picsum.photos/id/0/5000/3333.jpg?hmac=_j6ghY5fCfSD6tvtcV74zXivkJSPIfR9B8w34XeQmvU
Lawn and Garden,Solar Gadgets,1.0,https://fastly.picsum.photos/id/0/5000/3333.jpg?hmac=_j6ghY5fCfSD6tvtcV74zXivkJSPIfR9B8w34XeQmvU
Lawn and Garden,Fertilizer & Soil,1.0,https://fastly.picsum.photos/id/0/5000/3333.jpg?hmac=_j6ghY5fCfSD6tvtcV74zXivkJSPIfR9B8w34XeQmvU
Lawn and Garden,Grill Tools & Accessories,1.0,https://fastly.picsum.photos/id/0/5000/3333.jpg?hmac=_j6ghY5fCfSD6tvtcV74zXivkJSPIfR9B8w34XeQmvU
Lawn and Garden,Ponds,1.0,https://fastly.picsum.photos/id/0/5000/3333.jpg?hmac=_j6ghY5fCfSD6tvtcV74zXivkJSPIfR9B8w34XeQmvU
Lawn and Garden,Wind Chimes,1.0,https://fastly.picsum.photos/id/0/5000/3333.jpg?hmac=_j6ghY5fCfSD6tvtcV74zXivkJSPIfR9B8w34XeQmvU
"",Books,1.0,https://fastly.picsum.photos/id/0/5000/3333.jpg?hmac=_j6ghY5fCfSD6tvtcV74zXivkJSPIfR9B8w34XeQmvU
Books,Literature,1.0,https://fastly.picsum.photos/id/0/5000/3333.jpg?hmac=_j6ghY5fCfSD6tvtcV74zXivkJSPIfR9B8w34XeQmvU
Books,Animal Care and Pets,1.0,https://fastly.picsum.photos/id/0/5000/3333.jpg?hmac=_j6ghY5fCfSD6tvtcV74zXivkJSPIfR9B8w34XeQmvU
Books,Others,1.0,https://fastly.picsum.photos/id/0/5000/3333.jpg?hmac=_j6ghY5fCfSD6tvtcV74zXivkJSPIfR9B8w34XeQmvU
Books,Science_ Nature and How It Works,1.0,https://fastly.picsum.photos/id/0/5000/3333.jpg?hmac=_j6ghY5fCfSD6tvtcV74zXivkJSPIfR9B8w34XeQmvU
Books,Sports and Activities,1.0,https://fastly.picsum.photos/id/0/5000/3333.jpg?hmac=_j6ghY5fCfSD6tvtcV74zXivkJSPIfR9B8w34XeQmvU
Books,Museums and Collections,1.0,https://fastly.picsum.photos/id/0/5000/3333.jpg?hmac=_j6ghY5fCfSD6tvtcV74zXivkJSPIfR9B8w34XeQmvU
Books,Christian,1.0,https://fastly.picsum.photos/id/0/5000/3333.jpg?hmac=_j6ghY5fCfSD6tvtcV74zXivkJSPIfR9B8w34XeQmvU
Books,University Entry Exam,1.0,https://fastly.picsum.photos/id/0/5000/3333.jpg?hmac=_j6ghY5fCfSD6tvtcV74zXivkJSPIfR9B8w34XeQmvU
Books,MBA education,1.0,https://fastly.picsum.photos/id/0/5000/3333.jpg?hmac=_j6ghY5fCfSD6tvtcV74zXivkJSPIfR9B8w34XeQmvU
Books,Architecture,1.0,https://fastly.picsum.photos/id/0/5000/3333.jpg?hmac=_j6ghY5fCfSD6tvtcV74zXivkJSPIfR9B8w34XeQmvU
Books,Family Health,1.0,https://fastly.picsum.photos/id/0/5000/3333.jpg?hmac=_j6ghY5fCfSD6tvtcV74zXivkJSPIfR9B8w34XeQmvU
Books,Performing Arts,1.0,https://fastly.picsum.photos/id/0/5000/3333.jpg?hmac=_j6ghY5fCfSD6tvtcV74zXivkJSPIfR9B8w34XeQmvU
Books,Comic Strip,1.0,https://fastly.picsum.photos/id/0/5000/3333.jpg?hmac=_j6ghY5fCfSD6tvtcV74zXivkJSPIfR9B8w34XeQmvU
Books,Horror and Adventure,1.0,https://fastly.picsum.photos/id/0/5000/3333.jpg?hmac=_j6ghY5fCfSD6tvtcV74zXivkJSPIfR9B8w34XeQmvU
Books,Junior High School,1.0,https://fastly.picsum.photos/id/0/5000/3333.jpg?hmac=_j6ghY5fCfSD6tvtcV74zXivkJSPIfR9B8w34XeQmvU
Books,Computer Science,1.0,https://fastly.picsum.photos/id/0/5000/3333.jpg?hmac=_j6ghY5fCfSD6tvtcV74zXivkJSPIfR9B8w34XeQmvU
Books,Programming,1.0,https://fastly.picsum.photos/id/0/5000/3333.jpg?hmac=_j6ghY5fCfSD6tvtcV74zXivkJSPIfR9B8w34XeQmvU
Books,Mystery and Triller,1.0,https://fastly.picsum.photos/id/0/5000/3333.jpg?hmac=_j6ghY5fCfSD6tvtcV74zXivkJSPIfR9B8w34XeQmvU
Books,Food,1.0,https://fastly.picsum.photos/id/0/5000/3333.jpg?hmac=_j6ghY5fCfSD6tvtcV74zXivkJSPIfR9B8w34XeQmvU
Books,Civil Servert Test,1.0,https://fastly.picsum.photos/id/0/5000/3333.jpg?hmac=_j6ghY5fCfSD6tvtcV74zXivkJSPIfR9B8w34XeQmvU
Books,Health and Sports,1.0,https://fastly.picsum.photos/id/0/5000/3333.jpg?hmac=_j6ghY5fCfSD6tvtcV74zXivkJSPIfR9B8w34XeQmvU
Books,Small Business and Entrepreneurship,1.0,https://fastly.picsum.photos/id/0/5000/3333.jpg?hmac=_j6ghY5fCfSD6tvtcV74zXivkJSPIfR9B8w34XeQmvU
Books,Marriage and Love,1.0,https://fastly.picsum.photos/id/0/5000/3333.jpg?hmac=_j6ghY5fCfSD6tvtcV74zXivkJSPIfR9B8w34XeQmvU
Books,interactive books,1.0,https://fastly.picsum.photos/id/0/5000/3333.jpg?hmac=_j6ghY5fCfSD6tvtcV74zXivkJSPIfR9B8w34XeQmvU
Books,Graphic Design,1.0,https://fastly.picsum.photos/id/0/5000/3333.jpg?hmac=_j6ghY5fCfSD6tvtcV74zXivkJSPIfR9B8w34XeQmvU
Books,History and Historical Fiction,1.0,https://fastly.picsum.photos/id/0/5000/3333.jpg?hmac=_j6ghY5fCfSD6tvtcV74zXivkJSPIfR9B8w34XeQmvU
Books,other management,1.0,https://fastly.picsum.photos/id/0/5000/3333.jpg?hmac=_j6ghY5fCfSD6tvtcV74zXivkJSPIfR9B8w34XeQmvU
Books,Reference other,1.0,https://fastly.picsum.photos/id/0/5000/3333.jpg?hmac=_j6ghY5fCfSD6tvtcV74zXivkJSPIfR9B8w34XeQmvU
Books,Postgraduate,1.0,https://fastly.picsum.photos/id/0/5000/3333.jpg?hmac=_j6ghY5fCfSD6tvtcV74zXivkJSPIfR9B8w34XeQmvU
Books,ScienceandTechnology,1.0,https://fastly.picsum.photos/id/0/5000/3333.jpg?hmac=_j6ghY5fCfSD6tvtcV74zXivkJSPIfR9B8w34XeQmvU
Books,All Exam,1.0,https://fastly.picsum.photos/id/0/5000/3333.jpg?hmac=_j6ghY5fCfSD6tvtcV74zXivkJSPIfR9B8w34XeQmvU
Books,Design and Decorative Art,1.0,https://fastly.picsum.photos/id/0/5000/3333.jpg?hmac=_j6ghY5fCfSD6tvtcV74zXivkJSPIfR9B8w34XeQmvU
Books,Baby3-6,1.0,https://fastly.picsum.photos/id/0/5000/3333.jpg?hmac=_j6ghY5fCfSD6tvtcV74zXivkJSPIfR9B8w34XeQmvU
"",Large Appliances,1.0,https://fastly.picsum.photos/id/0/5000/3333.jpg?hmac=_j6ghY5fCfSD6tvtcV74zXivkJSPIfR9B8w34XeQmvU
Large Appliances,Dishwasher,1.0,https://fastly.picsum.photos/id/0/5000/3333.jpg?hmac=_j6ghY5fCfSD6tvtcV74zXivkJSPIfR9B8w34XeQmvU
Large Appliances,TV,1.0,https://fastly.picsum.photos/id/0/5000/3333.jpg?hmac=_j6ghY5fCfSD6tvtcV74zXivkJSPIfR9B8w34XeQmvU
Large Appliances,Washing Machine,1.0,https://fastly.picsum.photos/id/0/5000/3333.jpg?hmac=_j6ghY5fCfSD6tvtcV74zXivkJSPIfR9B8w34XeQmvU
Large Appliances,Refrigerator,1.0,https://fastly.picsum.photos/id/0/5000/3333.jpg?hmac=_j6ghY5fCfSD6tvtcV74zXivkJSPIfR9B8w34XeQmvU
Large Appliances,AC,1.0,https://fastly.picsum.photos/id/0/5000/3333.jpg?hmac=_j6ghY5fCfSD6tvtcV74zXivkJSPIfR9B8w34XeQmvU
Large Appliances,Microwave,1.0,https://fastly.picsum.photos/id/0/5000/3333.jpg?hmac=_j6ghY5fCfSD6tvtcV74zXivkJSPIfR9B8w34XeQmvU
Large Appliances,Cooler,1.0,https://fastly.picsum.photos/id/0/5000/3333.jpg?hmac=_j6ghY5fCfSD6tvtcV74zXivkJSPIfR9B8w34XeQmvU
"",Kitchen Utensils,1.0,https://fastly.picsum.photos/id/0/5000/3333.jpg?hmac=_j6ghY5fCfSD6tvtcV74zXivkJSPIfR9B8w34XeQmvU
Kitchen Utensils,Cooktop,1.0,https://fastly.picsum.photos/id/0/5000/3333.jpg?hmac=_j6ghY5fCfSD6tvtcV74zXivkJSPIfR9B8w34XeQmvU
Kitchen Utensils,Pots and Pans,1.0,https://fastly.picsum.photos/id/0/5000/3333.jpg?hmac=_j6ghY5fCfSD6tvtcV74zXivkJSPIfR9B8w34XeQmvU
Kitchen Utensils,Pressure Cooker,1.0,https://fastly.picsum.photos/id/0/5000/3333.jpg?hmac=_j6ghY5fCfSD6tvtcV74zXivkJSPIfR9B8w34XeQmvU
Kitchen Utensils,Miscellaneous,1.0,https://fastly.picsum.photos/id/0/5000/3333.jpg?hmac=_j6ghY5fCfSD6tvtcV74zXivkJSPIfR9B8w34XeQmvU
Kitchen Utensils,Racks and Holders,1.0,https://fastly.picsum.photos/id/0/5000/3333.jpg?hmac=_j6ghY5fCfSD6tvtcV74zXivkJSPIfR9B8w34XeQmvU
"",Home Decor,1.0,https://fastly.picsum.photos/id/0/5000/3333.jpg?hmac=_j6ghY5fCfSD6tvtcV74zXivkJSPIfR9B8w34XeQmvU
Home Decor,Bedsheets and Pillow Covers,1.0,https://fastly.picsum.photos/id/0/5000/3333.jpg?hmac=_j6ghY5fCfSD6tvtcV74zXivkJSPIfR9B8w34XeQmvU
Home Decor,Mopping Supply Tools,1.0,https://fastly.picsum.photos/id/0/5000/3333.jpg?hmac=_j6ghY5fCfSD6tvtcV74zXivkJSPIfR9B8w34XeQmvU
Home Decor,Clock,1.0,https://fastly.picsum.photos/id/0/5000/3333.jpg?hmac=_j6ghY5fCfSD6tvtcV74zXivkJSPIfR9B8w34XeQmvU
Home Decor,Cycle,1.0,https://fastly.picsum.photos/id/0/5000/3333.jpg?hmac=_j6ghY5fCfSD6tvtcV74zXivkJSPIfR9B8w34XeQmvU
Home Decor,Personal Protective Equipment and Safety Apparel,1.0,https://fastly.picsum.photos/id/0/5000/3333.jpg?hmac=_j6ghY5fCfSD6tvtcV74zXivkJSPIfR9B8w34XeQmvU
"",Wireless,1.0,https://fastly.picsum.photos/id/0/5000/3333.jpg?hmac=_j6ghY5fCfSD6tvtcV74zXivkJSPIfR9B8w34XeQmvU
Wireless,Screen Protectors Face Plates/Skins,1.0,https://fastly.picsum.photos/id/0/5000/3333.jpg?hmac=_j6ghY5fCfSD6tvtcV74zXivkJSPIfR9B8w34XeQmvU
Wireless,Combo Packs,1.0,https://fastly.picsum.photos/id/0/5000/3333.jpg?hmac=_j6ghY5fCfSD6tvtcV74zXivkJSPIfR9B8w34XeQmvU
Wireless,Travel/Wall Chargers,1.0,https://fastly.picsum.photos/id/0/5000/3333.jpg?hmac=_j6ghY5fCfSD6tvtcV74zXivkJSPIfR9B8w34XeQmvU
Wireless,Data Cables,1.0,https://fastly.picsum.photos/id/0/5000/3333.jpg?hmac=_j6ghY5fCfSD6tvtcV74zXivkJSPIfR9B8w34XeQmvU
"",Musical Instruments,1.0,https://fastly.picsum.photos/id/0/5000/3333.jpg?hmac=_j6ghY5fCfSD6tvtcV74zXivkJSPIfR9B8w34XeQmvU
Musical Instruments,Woodwinds,1.0,https://fastly.picsum.photos/id/0/5000/3333.jpg?hmac=_j6ghY5fCfSD6tvtcV74zXivkJSPIfR9B8w34XeQmvU
Musical Instruments,Guitar Accessories,1.0,https://fastly.picsum.photos/id/0/5000/3333.jpg?hmac=_j6ghY5fCfSD6tvtcV74zXivkJSPIfR9B8w34XeQmvU
Musical Instruments,General Accessories,1.0,https://fastly.picsum.photos/id/0/5000/3333.jpg?hmac=_j6ghY5fCfSD6tvtcV74zXivkJSPIfR9B8w34XeQmvU
Musical Instruments,Bass Guitars,1.0,https://fastly.picsum.photos/id/0/5000/3333.jpg?hmac=_j6ghY5fCfSD6tvtcV74zXivkJSPIfR9B8w34XeQmvU
Musical Instruments,Guitar Strings,1.0,https://fastly.picsum.photos/id/0/5000/3333.jpg?hmac=_j6ghY5fCfSD6tvtcV74zXivkJSPIfR9B8w34XeQmvU
Musical Instruments,DJ Equipment,1.0,https://fastly.picsum.photos/id/0/5000/3333.jpg?hmac=_j6ghY5fCfSD6tvtcV74zXivkJSPIfR9B8w34XeQmvU
Musical Instruments,Sound Reinforcement,1.0,https://fastly.picsum.photos/id/0/5000/3333.jpg?hmac=_j6ghY5fCfSD6tvtcV74zXivkJSPIfR9B8w34XeQmvU
Musical Instruments,Other Fretted,1.0,https://fastly.picsum.photos/id/0/5000/3333.jpg?hmac=_j6ghY5fCfSD6tvtcV74zXivkJSPIfR9B8w34XeQmvU
Musical Instruments,Acoustic Guitars,1.0,https://fastly.picsum.photos/id/0/5000/3333.jpg?hmac=_j6ghY5fCfSD6tvtcV74zXivkJSPIfR9B8w34XeQmvU
Musical Instruments,Keyboards and Pianos Accessories,1.0,https://fastly.picsum.photos/id/0/5000/3333.jpg?hmac=_j6ghY5fCfSD6tvtcV74zXivkJSPIfR9B8w34XeQmvU
Musical Instruments,Portable Keyboards,1.0,https://fastly.picsum.photos/id/0/5000/3333.jpg?hmac=_j6ghY5fCfSD6tvtcV74zXivkJSPIfR9B8w34XeQmvU
Musical Instruments,Electric Guitars,1.0,https://fastly.picsum.photos/id/0/5000/3333.jpg?hmac=_j6ghY5fCfSD6tvtcV74zXivkJSPIfR9B8w34XeQmvU
Musical Instruments,Multitrack Recording,1.0,https://fastly.picsum.photos/id/0/5000/3333.jpg?hmac=_j6ghY5fCfSD6tvtcV74zXivkJSPIfR9B8w34XeQmvU
Musical Instruments,Electric Pianos,1.0,https://fastly.picsum.photos/id/0/5000/3333.jpg?hmac=_j6ghY5fCfSD6tvtcV74zXivkJSPIfR9B8w34XeQmvU
Musical Instruments,Microphones,1.0,https://fastly.picsum.photos/id/0/5000/3333.jpg?hmac=_j6ghY5fCfSD6tvtcV74zXivkJSPIfR9B8w34XeQmvU
Musical Instruments,Digital Drums,1.0,https://fastly.picsum.photos/id/0/5000/3333.jpg?hmac=_j6ghY5fCfSD6tvtcV74zXivkJSPIfR9B8w34XeQmvU
"",Toys,1.0,https://fastly.picsum.photos/id/0/5000/3333.jpg?hmac=_j6ghY5fCfSD6tvtcV74zXivkJSPIfR9B8w34XeQmvU
Toys,Toys,1.0,https://fastly.picsum.photos/id/0/5000/3333.jpg?hmac=_j6ghY5fCfSD6tvtcV74zXivkJSPIfR9B8w34XeQmvU
Toys,Sculpture Kits / Supplies,1.0,https://fastly.picsum.photos/id/0/5000/3333.jpg?hmac=_j6ghY5fCfSD6tvtcV74zXivkJSPIfR9B8w34XeQmvU
Toys,Preschool Push & Pull,1.0,https://fastly.picsum.photos/id/0/5000/3333.jpg?hmac=_j6ghY5fCfSD6tvtcV74zXivkJSPIfR9B8w34XeQmvU
Toys,Friction / Pump / Pull-Back,1.0,https://fastly.picsum.photos/id/0/5000/3333.jpg?hmac=_j6ghY5fCfSD6tvtcV74zXivkJSPIfR9B8w34XeQmvU
Toys,Vehicle Playsets & Accessories,1.0,https://fastly.picsum.photos/id/0/5000/3333.jpg?hmac=_j6ghY5fCfSD6tvtcV74zXivkJSPIfR9B8w34XeQmvU
Toys,Spinning Tops & Accessories,1.0,https://fastly.picsum.photos/id/0/5000/3333.jpg?hmac=_j6ghY5fCfSD6tvtcV74zXivkJSPIfR9B8w34XeQmvU
Toys,Action Figure Playsets & Access,1.0,https://fastly.picsum.photos/id/0/5000/3333.jpg?hmac=_j6ghY5fCfSD6tvtcV74zXivkJSPIfR9B8w34XeQmvU
Toys,Wooden Puzzles,1.0,https://fastly.picsum.photos/id/0/5000/3333.jpg?hmac=_j6ghY5fCfSD6tvtcV74zXivkJSPIfR9B8w34XeQmvU
Toys,Electric Train Sets / Accessories,1.0,https://fastly.picsum.photos/id/0/5000/3333.jpg?hmac=_j6ghY5fCfSD6tvtcV74zXivkJSPIfR9B8w34XeQmvU
Toys,All Other Infant Toys,1.0,https://fastly.picsum.photos/id/0/5000/3333.jpg?hmac=_j6ghY5fCfSD6tvtcV74zXivkJSPIfR9B8w34XeQmvU
Toys,Sports Activities & Games,1.0,https://fastly.picsum.photos/id/0/5000/3333.jpg?hmac=_j6ghY5fCfSD6tvtcV74zXivkJSPIfR9B8w34XeQmvU
Toys,Family Board / Action,1.0,https://fastly.picsum.photos/id/0/5000/3333.jpg?hmac=_j6ghY5fCfSD6tvtcV74zXivkJSPIfR9B8w34XeQmvU
Toys,Fashion Dolls,1.0,https://fastly.picsum.photos/id/0/5000/3333.jpg?hmac=_j6ghY5fCfSD6tvtcV74zXivkJSPIfR9B8w34XeQmvU
Toys,Portable Electronic Toys,1.0,https://fastly.picsum.photos/id/0/5000/3333.jpg?hmac=_j6ghY5fCfSD6tvtcV74zXivkJSPIfR9B8w34XeQmvU
Toys,Party Decorations,1.0,https://fastly.picsum.photos/id/0/5000/3333.jpg?hmac=_j6ghY5fCfSD6tvtcV74zXivkJSPIfR9B8w34XeQmvU
Toys,Building Sets (3 years old and more),1.0,https://fastly.picsum.photos/id/0/5000/3333.jpg?hmac=_j6ghY5fCfSD6tvtcV74zXivkJSPIfR9B8w34XeQmvU
Toys,Children's Games,1.0,https://fastly.picsum.photos/id/0/5000/3333.jpg?hmac=_j6ghY5fCfSD6tvtcV74zXivkJSPIfR9B8w34XeQmvU
Toys,Jokes and Tricks,1.0,https://fastly.picsum.photos/id/0/5000/3333.jpg?hmac=_j6ghY5fCfSD6tvtcV74zXivkJSPIfR9B8w34XeQmvU
Toys,Educational Electronic Toys,1.0,https://fastly.picsum.photos/id/0/5000/3333.jpg?hmac=_j6ghY5fCfSD6tvtcV74zXivkJSPIfR9B8w34XeQmvU
Toys,Traditional Plush,1.0,https://fastly.picsum.photos/id/0/5000/3333.jpg?hmac=_j6ghY5fCfSD6tvtcV74zXivkJSPIfR9B8w34XeQmvU
Toys,Preschool Learning Toys,1.0,https://fastly.picsum.photos/id/0/5000/3333.jpg?hmac=_j6ghY5fCfSD6tvtcV74zXivkJSPIfR9B8w34XeQmvU
Toys,Card Games,1.0,https://fastly.picsum.photos/id/0/5000/3333.jpg?hmac=_j6ghY5fCfSD6tvtcV74zXivkJSPIfR9B8w34XeQmvU
Toys,Preschool Role Playing,1.0,https://fastly.picsum.photos/id/0/5000/3333.jpg?hmac=_j6ghY5fCfSD6tvtcV74zXivkJSPIfR9B8w34XeQmvU
Toys,Mini Vehicles,1.0,https://fastly.picsum.photos/id/0/5000/3333.jpg?hmac=_j6ghY5fCfSD6tvtcV74zXivkJSPIfR9B8w34XeQmvU
Toys,Plastic Model Aircraft,1.0,https://fastly.picsum.photos/id/0/5000/3333.jpg?hmac=_j6ghY5fCfSD6tvtcV74zXivkJSPIfR9B8w34XeQmvU
Toys,Travel Games,1.0,https://fastly.picsum.photos/id/0/5000/3333.jpg?hmac=_j6ghY5fCfSD6tvtcV74zXivkJSPIfR9B8w34XeQmvU
Toys,Fashion Role Play & Accessories,1.0,https://fastly.picsum.photos/id/0/5000/3333.jpg?hmac=_j6ghY5fCfSD6tvtcV74zXivkJSPIfR9B8w34XeQmvU
Toys,Nurturing Doll Carriages,1.0,https://fastly.picsum.photos/id/0/5000/3333.jpg?hmac=_j6ghY5fCfSD6tvtcV74zXivkJSPIfR9B8w34XeQmvU
Toys,Electronic HandHeld Games,1.0,https://fastly.picsum.photos/id/0/5000/3333.jpg?hmac=_j6ghY5fCfSD6tvtcV74zXivkJSPIfR9B8w34XeQmvU
Toys,Playground Equipment,1.0,https://fastly.picsum.photos/id/0/5000/3333.jpg?hmac=_j6ghY5fCfSD6tvtcV74zXivkJSPIfR9B8w34XeQmvU
Toys,Nurturing Dolls,1.0,https://fastly.picsum.photos/id/0/5000/3333.jpg?hmac=_j6ghY5fCfSD6tvtcV74zXivkJSPIfR9B8w34XeQmvU
Toys,Puppets,1.0,https://fastly.picsum.photos/id/0/5000/3333.jpg?hmac=_j6ghY5fCfSD6tvtcV74zXivkJSPIfR9B8w34XeQmvU
Toys,Embroidery,1.0,https://fastly.picsum.photos/id/0/5000/3333.jpg?hmac=_j6ghY5fCfSD6tvtcV74zXivkJSPIfR9B8w34XeQmvU
Toys,Action Dress Ups & Accessories,1.0,https://fastly.picsum.photos/id/0/5000/3333.jpg?hmac=_j6ghY5fCfSD6tvtcV74zXivkJSPIfR9B8w34XeQmvU
Toys,Crayons/Markers/Pencil,1.0,https://fastly.picsum.photos/id/0/5000/3333.jpg?hmac=_j6ghY5fCfSD6tvtcV74zXivkJSPIfR9B8w34XeQmvU
Toys,Pools,1.0,https://fastly.picsum.photos/id/0/5000/3333.jpg?hmac=_j6ghY5fCfSD6tvtcV74zXivkJSPIfR9B8w34XeQmvU
Toys,Children's Costumes,1.0,https://fastly.picsum.photos/id/0/5000/3333.jpg?hmac=_j6ghY5fCfSD6tvtcV74zXivkJSPIfR9B8w34XeQmvU
Toys,Educational Toys,1.0,https://fastly.picsum.photos/id/0/5000/3333.jpg?hmac=_j6ghY5fCfSD6tvtcV74zXivkJSPIfR9B8w34XeQmvU
Toys,Action Figures,1.0,https://fastly.picsum.photos/id/0/5000/3333.jpg?hmac=_j6ghY5fCfSD6tvtcV74zXivkJSPIfR9B8w34XeQmvU
Toys,Musical Instruments,1.0,https://fastly.picsum.photos/id/0/5000/3333.jpg?hmac=_j6ghY5fCfSD6tvtcV74zXivkJSPIfR9B8w34XeQmvU
Toys,Bubble Toys / Solution,1.0,https://fastly.picsum.photos/id/0/5000/3333.jpg?hmac=_j6ghY5fCfSD6tvtcV74zXivkJSPIfR9B8w34XeQmvU
Toys,Scooters,1.0,https://fastly.picsum.photos/id/0/5000/3333.jpg?hmac=_j6ghY5fCfSD6tvtcV74zXivkJSPIfR9B8w34XeQmvU
Toys,Preschool Electronic Learning Aids,1.0,https://fastly.picsum.photos/id/0/5000/3333.jpg?hmac=_j6ghY5fCfSD6tvtcV74zXivkJSPIfR9B8w34XeQmvU
Toys,Preschool Musical Instruments,1.0,https://fastly.picsum.photos/id/0/5000/3333.jpg?hmac=_j6ghY5fCfSD6tvtcV74zXivkJSPIfR9B8w34XeQmvU
Toys,Bicycles for Children,1.0,https://fastly.picsum.photos/id/0/5000/3333.jpg?hmac=_j6ghY5fCfSD6tvtcV74zXivkJSPIfR9B8w34XeQmvU
Toys,Non-Pedal Ride-ons,1.0,https://fastly.picsum.photos/id/0/5000/3333.jpg?hmac=_j6ghY5fCfSD6tvtcV74zXivkJSPIfR9B8w34XeQmvU
Toys,Tricycle / Pedal Ride-ons,1.0,https://fastly.picsum.photos/id/0/5000/3333.jpg?hmac=_j6ghY5fCfSD6tvtcV74zXivkJSPIfR9B8w34XeQmvU
Toys,Musical Toys,1.0,https://fastly.picsum.photos/id/0/5000/3333.jpg?hmac=_j6ghY5fCfSD6tvtcV74zXivkJSPIfR9B8w34XeQmvU
Toys,Remote Control Vehicles,1.0,https://fastly.picsum.photos/id/0/5000/3333.jpg?hmac=_j6ghY5fCfSD6tvtcV74zXivkJSPIfR9B8w34XeQmvU
Toys,Computers for Children,1.0,https://fastly.picsum.photos/id/0/5000/3333.jpg?hmac=_j6ghY5fCfSD6tvtcV74zXivkJSPIfR9B8w34XeQmvU
Toys,Stationery,1.0,https://fastly.picsum.photos/id/0/5000/3333.jpg?hmac=_j6ghY5fCfSD6tvtcV74zXivkJSPIfR9B8w34XeQmvU
"",Home Improvement,1.0,https://fastly.picsum.photos/id/0/5000/3333.jpg?hmac=_j6ghY5fCfSD6tvtcV74zXivkJSPIfR9B8w34XeQmvU
Home Improvement,Step Ladders,1.0,https://fastly.picsum.photos/id/0/5000/3333.jpg?hmac=_j6ghY5fCfSD6tvtcV74zXivkJSPIfR9B8w34XeQmvU
Home Improvement,Bath Hardware,1.0,https://fastly.picsum.photos/id/0/5000/3333.jpg?hmac=_j6ghY5fCfSD6tvtcV74zXivkJSPIfR9B8w34XeQmvU
Home Improvement,Power Tool accessories,1.0,https://fastly.picsum.photos/id/0/5000/3333.jpg?hmac=_j6ghY5fCfSD6tvtcV74zXivkJSPIfR9B8w34XeQmvU
Home Improvement,Raquets.,1.0,https://fastly.picsum.photos/id/0/5000/3333.jpg?hmac=_j6ghY5fCfSD6tvtcV74zXivkJSPIfR9B8w34XeQmvU
Home Improvement,General Home Improvement,1.0,https://fastly.picsum.photos/id/0/5000/3333.jpg?hmac=_j6ghY5fCfSD6tvtcV74zXivkJSPIfR9B8w34XeQmvU
Home Improvement,Bath Faucets and Accessories,1.0,https://fastly.picsum.photos/id/0/5000/3333.jpg?hmac=_j6ghY5fCfSD6tvtcV74zXivkJSPIfR9B8w34XeQmvU
Home Improvement,Brushes,1.0,https://fastly.picsum.photos/id/0/5000/3333.jpg?hmac=_j6ghY5fCfSD6tvtcV74zXivkJSPIfR9B8w34XeQmvU
Home Improvement,Brooms,1.0,https://fastly.picsum.photos/id/0/5000/3333.jpg?hmac=_j6ghY5fCfSD6tvtcV74zXivkJSPIfR9B8w34XeQmvU
Home Improvement,Painting Tools,1.0,https://fastly.picsum.photos/id/0/5000/3333.jpg?hmac=_j6ghY5fCfSD6tvtcV74zXivkJSPIfR9B8w34XeQmvU
Home Improvement,Cleaning sets,1.0,https://fastly.picsum.photos/id/0/5000/3333.jpg?hmac=_j6ghY5fCfSD6tvtcV74zXivkJSPIfR9B8w34XeQmvU
Home Improvement,Scrubs & sponges,1.0,https://fastly.picsum.photos/id/0/5000/3333.jpg?hmac=_j6ghY5fCfSD6tvtcV74zXivkJSPIfR9B8w34XeQmvU
Home Improvement,Pipe and Conduit,1.0,https://fastly.picsum.photos/id/0/5000/3333.jpg?hmac=_j6ghY5fCfSD6tvtcV74zXivkJSPIfR9B8w34XeQmvU
Home Improvement,Squeegees,1.0,https://fastly.picsum.photos/id/0/5000/3333.jpg?hmac=_j6ghY5fCfSD6tvtcV74zXivkJSPIfR9B8w34XeQmvU
Home Improvement,Sweeping cloths & wipes,1.0,https://fastly.picsum.photos/id/0/5000/3333.jpg?hmac=_j6ghY5fCfSD6tvtcV74zXivkJSPIfR9B8w34XeQmvU
Home Improvement,Door_ Gate & Window Hardware,1.0,https://fastly.picsum.photos/id/0/5000/3333.jpg?hmac=_j6ghY5fCfSD6tvtcV74zXivkJSPIfR9B8w34XeQmvU
Home Improvement,Measuring & Layout tools,1.0,https://fastly.picsum.photos/id/0/5000/3333.jpg?hmac=_j6ghY5fCfSD6tvtcV74zXivkJSPIfR9B8w34XeQmvU
Home Improvement,Fire Safety,1.0,https://fastly.picsum.photos/id/0/5000/3333.jpg?hmac=_j6ghY5fCfSD6tvtcV74zXivkJSPIfR9B8w34XeQmvU
Home Improvement,Tool organizers,1.0,https://fastly.picsum.photos/id/0/5000/3333.jpg?hmac=_j6ghY5fCfSD6tvtcV74zXivkJSPIfR9B8w34XeQmvU
Home Improvement,Safes,1.0,https://fastly.picsum.photos/id/0/5000/3333.jpg?hmac=_j6ghY5fCfSD6tvtcV74zXivkJSPIfR9B8w34XeQmvU
Home Improvement,Power Tools,1.0,https://fastly.picsum.photos/id/0/5000/3333.jpg?hmac=_j6ghY5fCfSD6tvtcV74zXivkJSPIfR9B8w34XeQmvU
Home Improvement,Cord & Power Management,1.0,https://fastly.picsum.photos/id/0/5000/3333.jpg?hmac=_j6ghY5fCfSD6tvtcV74zXivkJSPIfR9B8w34XeQmvU
"",Luggage,1.0,https://fastly.picsum.photos/id/0/5000/3333.jpg?hmac=_j6ghY5fCfSD6tvtcV74zXivkJSPIfR9B8w34XeQmvU
Luggage,Other,1.0,https://fastly.picsum.photos/id/0/5000/3333.jpg?hmac=_j6ghY5fCfSD6tvtcV74zXivkJSPIfR9B8w34XeQmvU
Luggage,Check-In,1.0,https://fastly.picsum.photos/id/0/5000/3333.jpg?hmac=_j6ghY5fCfSD6tvtcV74zXivkJSPIfR9B8w34XeQmvU
Luggage,Carry-On,1.0,https://fastly.picsum.photos/id/0/5000/3333.jpg?hmac=_j6ghY5fCfSD6tvtcV74zXivkJSPIfR9B8w34XeQmvU
Luggage,Casual,1.0,https://fastly.picsum.photos/id/0/5000/3333.jpg?hmac=_j6ghY5fCfSD6tvtcV74zXivkJSPIfR9B8w34XeQmvU
Luggage,Laptops,1.0,https://fastly.picsum.photos/id/0/5000/3333.jpg?hmac=_j6ghY5fCfSD6tvtcV74zXivkJSPIfR9B8w34XeQmvU
Luggage,Duffle Bags,1.0,https://fastly.picsum.photos/id/0/5000/3333.jpg?hmac=_j6ghY5fCfSD6tvtcV74zXivkJSPIfR9B8w34XeQmvU
Luggage,Wallets & Passport Holders,1.0,https://fastly.picsum.photos/id/0/5000/3333.jpg?hmac=_j6ghY5fCfSD6tvtcV74zXivkJSPIfR9B8w34XeQmvU
Luggage,Gym Bags,1.0,https://fastly.picsum.photos/id/0/5000/3333.jpg?hmac=_j6ghY5fCfSD6tvtcV74zXivkJSPIfR9B8w34XeQmvU
Luggage,Toiletry Kits & Pouches,1.0,https://fastly.picsum.photos/id/0/5000/3333.jpg?hmac=_j6ghY5fCfSD6tvtcV74zXivkJSPIfR9B8w34XeQmvU
Luggage,Outdoor & Hiking,1.0,https://fastly.picsum.photos/id/0/5000/3333.jpg?hmac=_j6ghY5fCfSD6tvtcV74zXivkJSPIfR9B8w34XeQmvU
Luggage,Garment Bags,1.0,https://fastly.picsum.photos/id/0/5000/3333.jpg?hmac=_j6ghY5fCfSD6tvtcV74zXivkJSPIfR9B8w34XeQmvU
Luggage,Umbrellas,1.0,https://fastly.picsum.photos/id/0/5000/3333.jpg?hmac=_j6ghY5fCfSD6tvtcV74zXivkJSPIfR9B8w34XeQmvU
Luggage,Softside,1.0,https://fastly.picsum.photos/id/0/5000/3333.jpg?hmac=_j6ghY5fCfSD6tvtcV74zXivkJSPIfR9B8w34XeQmvU
Luggage,Messenger Bags,1.0,https://fastly.picsum.photos/id/0/5000/3333.jpg?hmac=_j6ghY5fCfSD6tvtcV74zXivkJSPIfR9B8w34XeQmvU
Luggage,Locks & Straps,1.0,https://fastly.picsum.photos/id/0/5000/3333.jpg?hmac=_j6ghY5fCfSD6tvtcV74zXivkJSPIfR9B8w34XeQmvU
Luggage,Backpacks.,1.0,https://fastly.picsum.photos/id/0/5000/3333.jpg?hmac=_j6ghY5fCfSD6tvtcV74zXivkJSPIfR9B8w34XeQmvU
Luggage,Pillow & Eye Shades,1.0,https://fastly.picsum.photos/id/0/5000/3333.jpg?hmac=_j6ghY5fCfSD6tvtcV74zXivkJSPIfR9B8w34XeQmvU
Luggage,Laptop Cases,1.0,https://fastly.picsum.photos/id/0/5000/3333.jpg?hmac=_j6ghY5fCfSD6tvtcV74zXivkJSPIfR9B8w34XeQmvU
"",Kitchen - Tools,1.0,https://fastly.picsum.photos/id/0/5000/3333.jpg?hmac=_j6ghY5fCfSD6tvtcV74zXivkJSPIfR9B8w34XeQmvU
Kitchen - Tools,Hand Tools,1.0,https://fastly.picsum.photos/id/0/5000/3333.jpg?hmac=_j6ghY5fCfSD6tvtcV74zXivkJSPIfR9B8w34XeQmvU
"",Office Products,1.0,https://fastly.picsum.photos/id/0/5000/3333.jpg?hmac=_j6ghY5fCfSD6tvtcV74zXivkJSPIfR9B8w34XeQmvU
Office Products,Cutting and Measuring Devices,1.0,https://fastly.picsum.photos/id/0/5000/3333.jpg?hmac=_j6ghY5fCfSD6tvtcV74zXivkJSPIfR9B8w34XeQmvU
Office Products,Display Calculators,1.0,https://fastly.picsum.photos/id/0/5000/3333.jpg?hmac=_j6ghY5fCfSD6tvtcV74zXivkJSPIfR9B8w34XeQmvU
Office Products,Scientific Calculators,1.0,https://fastly.picsum.photos/id/0/5000/3333.jpg?hmac=_j6ghY5fCfSD6tvtcV74zXivkJSPIfR9B8w34XeQmvU
Office Products,Pens,1.0,https://fastly.picsum.photos/id/0/5000/3333.jpg?hmac=_j6ghY5fCfSD6tvtcV74zXivkJSPIfR9B8w34XeQmvU
Office Products,Arts and Crafts,1.0,https://fastly.picsum.photos/id/0/5000/3333.jpg?hmac=_j6ghY5fCfSD6tvtcV74zXivkJSPIfR9B8w34XeQmvU
Office Products,Notebooks and Composition Books,1.0,https://fastly.picsum.photos/id/0/5000/3333.jpg?hmac=_j6ghY5fCfSD6tvtcV74zXivkJSPIfR9B8w34XeQmvU
Office Products,Corrugated Storage Boxes_ Files and More,1.0,https://fastly.picsum.photos/id/0/5000/3333.jpg?hmac=_j6ghY5fCfSD6tvtcV74zXivkJSPIfR9B8w34XeQmvU
Office Products,Original inkjet cartridges,1.0,https://fastly.picsum.photos/id/0/5000/3333.jpg?hmac=_j6ghY5fCfSD6tvtcV74zXivkJSPIfR9B8w34XeQmvU
Office Products,Pencils,1.0,https://fastly.picsum.photos/id/0/5000/3333.jpg?hmac=_j6ghY5fCfSD6tvtcV74zXivkJSPIfR9B8w34XeQmvU
Office Products,Other School Supplies,1.0,https://fastly.picsum.photos/id/0/5000/3333.jpg?hmac=_j6ghY5fCfSD6tvtcV74zXivkJSPIfR9B8w34XeQmvU
Office Products,Binders and Binding Systems,1.0,https://fastly.picsum.photos/id/0/5000/3333.jpg?hmac=_j6ghY5fCfSD6tvtcV74zXivkJSPIfR9B8w34XeQmvU
Office Products,Seating,1.0,https://fastly.picsum.photos/id/0/5000/3333.jpg?hmac=_j6ghY5fCfSD6tvtcV74zXivkJSPIfR9B8w34XeQmvU
Office Products,Self Stick Notes and Flags,1.0,https://fastly.picsum.photos/id/0/5000/3333.jpg?hmac=_j6ghY5fCfSD6tvtcV74zXivkJSPIfR9B8w34XeQmvU
Office Products,Service Form Holders,1.0,https://fastly.picsum.photos/id/0/5000/3333.jpg?hmac=_j6ghY5fCfSD6tvtcV74zXivkJSPIfR9B8w34XeQmvU
Office Products,Presentation/Display and Scheduling Boards,1.0,https://fastly.picsum.photos/id/0/5000/3333.jpg?hmac=_j6ghY5fCfSD6tvtcV74zXivkJSPIfR9B8w34XeQmvU
Office Products,Pen and Pencil Refills,1.0,https://fastly.picsum.photos/id/0/5000/3333.jpg?hmac=_j6ghY5fCfSD6tvtcV74zXivkJSPIfR9B8w34XeQmvU
Office Products,File Folders_ Portable and Storage Box Files,1.0,https://fastly.picsum.photos/id/0/5000/3333.jpg?hmac=_j6ghY5fCfSD6tvtcV74zXivkJSPIfR9B8w34XeQmvU
"",PCA,1.0,https://fastly.picsum.photos/id/0/5000/3333.jpg?hmac=_j6ghY5fCfSD6tvtcV74zXivkJSPIfR9B8w34XeQmvU
PCA,Nose and Ear Trimmers,1.0,https://fastly.picsum.photos/id/0/5000/3333.jpg?hmac=_j6ghY5fCfSD6tvtcV74zXivkJSPIfR9B8w34XeQmvU
PCA,Power Toothbrushes,1.0,https://fastly.picsum.photos/id/0/5000/3333.jpg?hmac=_j6ghY5fCfSD6tvtcV74zXivkJSPIfR9B8w34XeQmvU
PCA,Miscellaneous Health and Wellness,1.0,https://fastly.picsum.photos/id/0/5000/3333.jpg?hmac=_j6ghY5fCfSD6tvtcV74zXivkJSPIfR9B8w34XeQmvU
PCA,Toothbrush Accessories,1.0,https://fastly.picsum.photos/id/0/5000/3333.jpg?hmac=_j6ghY5fCfSD6tvtcV74zXivkJSPIfR9B8w34XeQmvU
PCA,Skin Care Appliances,1.0,https://fastly.picsum.photos/id/0/5000/3333.jpg?hmac=_j6ghY5fCfSD6tvtcV74zXivkJSPIfR9B8w34XeQmvU
PCA,Nail Appliances,1.0,https://fastly.picsum.photos/id/0/5000/3333.jpg?hmac=_j6ghY5fCfSD6tvtcV74zXivkJSPIfR9B8w34XeQmvU
PCA,Scales,1.0,https://fastly.picsum.photos/id/0/5000/3333.jpg?hmac=_j6ghY5fCfSD6tvtcV74zXivkJSPIfR9B8w34XeQmvU
PCA,Medical Supplies and Equipment,1.0,https://fastly.picsum.photos/id/0/5000/3333.jpg?hmac=_j6ghY5fCfSD6tvtcV74zXivkJSPIfR9B8w34XeQmvU
PCA,Curling Irons,1.0,https://fastly.picsum.photos/id/0/5000/3333.jpg?hmac=_j6ghY5fCfSD6tvtcV74zXivkJSPIfR9B8w34XeQmvU
PCA,Foot Massagers and Foot Spas,1.0,https://fastly.picsum.photos/id/0/5000/3333.jpg?hmac=_j6ghY5fCfSD6tvtcV74zXivkJSPIfR9B8w34XeQmvU
PCA,Epilators,1.0,https://fastly.picsum.photos/id/0/5000/3333.jpg?hmac=_j6ghY5fCfSD6tvtcV74zXivkJSPIfR9B8w34XeQmvU
PCA,Body Massage,1.0,https://fastly.picsum.photos/id/0/5000/3333.jpg?hmac=_j6ghY5fCfSD6tvtcV74zXivkJSPIfR9B8w34XeQmvU
PCA,Body Trimmers,1.0,https://fastly.picsum.photos/id/0/5000/3333.jpg?hmac=_j6ghY5fCfSD6tvtcV74zXivkJSPIfR9B8w34XeQmvU
PCA,Ladies' Shavers,1.0,https://fastly.picsum.photos/id/0/5000/3333.jpg?hmac=_j6ghY5fCfSD6tvtcV74zXivkJSPIfR9B8w34XeQmvU
PCA,Handheld Massage,1.0,https://fastly.picsum.photos/id/0/5000/3333.jpg?hmac=_j6ghY5fCfSD6tvtcV74zXivkJSPIfR9B8w34XeQmvU
PCA,Hair Removal,1.0,https://fastly.picsum.photos/id/0/5000/3333.jpg?hmac=_j6ghY5fCfSD6tvtcV74zXivkJSPIfR9B8w34XeQmvU
PCA,Beard and Hair Trimmers,1.0,https://fastly.picsum.photos/id/0/5000/3333.jpg?hmac=_j6ghY5fCfSD6tvtcV74zXivkJSPIfR9B8w34XeQmvU
PCA,Hair Dryers,1.0,https://fastly.picsum.photos/id/0/5000/3333.jpg?hmac=_j6ghY5fCfSD6tvtcV74zXivkJSPIfR9B8w34XeQmvU
PCA,Straighteners,1.0,https://fastly.picsum.photos/id/0/5000/3333.jpg?hmac=_j6ghY5fCfSD6tvtcV74zXivkJSPIfR9B8w34XeQmvU
PCA,Mens' Shavers,1.0,https://fastly.picsum.photos/id/0/5000/3333.jpg?hmac=_j6ghY5fCfSD6tvtcV74zXivkJSPIfR9B8w34XeQmvU
PCA,Inhalation Appliances,1.0,https://fastly.picsum.photos/id/0/5000/3333.jpg?hmac=_j6ghY5fCfSD6tvtcV74zXivkJSPIfR9B8w34XeQmvU
"",Kitchen,1.0,https://fastly.picsum.photos/id/0/5000/3333.jpg?hmac=_j6ghY5fCfSD6tvtcV74zXivkJSPIfR9B8w34XeQmvU
Kitchen,Thermometers & Timers,1.0,https://fastly.picsum.photos/id/0/5000/3333.jpg?hmac=_j6ghY5fCfSD6tvtcV74zXivkJSPIfR9B8w34XeQmvU
Kitchen,Kitchen Scissors,1.0,https://fastly.picsum.photos/id/0/5000/3333.jpg?hmac=_j6ghY5fCfSD6tvtcV74zXivkJSPIfR9B8w34XeQmvU
Kitchen,Kitchen Knives,1.0,https://fastly.picsum.photos/id/0/5000/3333.jpg?hmac=_j6ghY5fCfSD6tvtcV74zXivkJSPIfR9B8w34XeQmvU
Kitchen,Drizzlers & Shakers,1.0,https://fastly.picsum.photos/id/0/5000/3333.jpg?hmac=_j6ghY5fCfSD6tvtcV74zXivkJSPIfR9B8w34XeQmvU
Kitchen,Peelers,1.0,https://fastly.picsum.photos/id/0/5000/3333.jpg?hmac=_j6ghY5fCfSD6tvtcV74zXivkJSPIfR9B8w34XeQmvU
Kitchen,Salad Tools & Spinners,1.0,https://fastly.picsum.photos/id/0/5000/3333.jpg?hmac=_j6ghY5fCfSD6tvtcV74zXivkJSPIfR9B8w34XeQmvU
Kitchen,Floorcare Other,1.0,https://fastly.picsum.photos/id/0/5000/3333.jpg?hmac=_j6ghY5fCfSD6tvtcV74zXivkJSPIfR9B8w34XeQmvU
Kitchen,Specialty Tools,1.0,https://fastly.picsum.photos/id/0/5000/3333.jpg?hmac=_j6ghY5fCfSD6tvtcV74zXivkJSPIfR9B8w34XeQmvU
Kitchen,Colanders & Strainers,1.0,https://fastly.picsum.photos/id/0/5000/3333.jpg?hmac=_j6ghY5fCfSD6tvtcV74zXivkJSPIfR9B8w34XeQmvU
Kitchen,Tools_ Gadgets & Barware Other,1.0,https://fastly.picsum.photos/id/0/5000/3333.jpg?hmac=_j6ghY5fCfSD6tvtcV74zXivkJSPIfR9B8w34XeQmvU
Kitchen,Cookie Jars - Non Metallic,1.0,https://fastly.picsum.photos/id/0/5000/3333.jpg?hmac=_j6ghY5fCfSD6tvtcV74zXivkJSPIfR9B8w34XeQmvU
Kitchen,Lunch Bags & Coolers,1.0,https://fastly.picsum.photos/id/0/5000/3333.jpg?hmac=_j6ghY5fCfSD6tvtcV74zXivkJSPIfR9B8w34XeQmvU
Kitchen,Cookware Sets - Metallic,1.0,https://fastly.picsum.photos/id/0/5000/3333.jpg?hmac=_j6ghY5fCfSD6tvtcV74zXivkJSPIfR9B8w34XeQmvU
Kitchen,Serveware Bowls/Tureens - Metallic,1.0,https://fastly.picsum.photos/id/0/5000/3333.jpg?hmac=_j6ghY5fCfSD6tvtcV74zXivkJSPIfR9B8w34XeQmvU
Kitchen,Dinnerware Bowls,1.0,https://fastly.picsum.photos/id/0/5000/3333.jpg?hmac=_j6ghY5fCfSD6tvtcV74zXivkJSPIfR9B8w34XeQmvU
Kitchen,Dinnerware Sets,1.0,https://fastly.picsum.photos/id/0/5000/3333.jpg?hmac=_j6ghY5fCfSD6tvtcV74zXivkJSPIfR9B8w34XeQmvU
Kitchen,Tumblers,1.0,https://fastly.picsum.photos/id/0/5000/3333.jpg?hmac=_j6ghY5fCfSD6tvtcV74zXivkJSPIfR9B8w34XeQmvU
Kitchen,Mugs,1.0,https://fastly.picsum.photos/id/0/5000/3333.jpg?hmac=_j6ghY5fCfSD6tvtcV74zXivkJSPIfR9B8w34XeQmvU
Kitchen,Bakeware Dishes_ Plates & Bowls - Mettalic,1.0,https://fastly.picsum.photos/id/0/5000/3333.jpg?hmac=_j6ghY5fCfSD6tvtcV74zXivkJSPIfR9B8w34XeQmvU
Kitchen,Bar & Wine Tools,1.0,https://fastly.picsum.photos/id/0/5000/3333.jpg?hmac=_j6ghY5fCfSD6tvtcV74zXivkJSPIfR9B8w34XeQmvU
Kitchen,Specialty Cookware - Metallic,1.0,https://fastly.picsum.photos/id/0/5000/3333.jpg?hmac=_j6ghY5fCfSD6tvtcV74zXivkJSPIfR9B8w34XeQmvU
Kitchen,Mashers & Mills,1.0,https://fastly.picsum.photos/id/0/5000/3333.jpg?hmac=_j6ghY5fCfSD6tvtcV74zXivkJSPIfR9B8w34XeQmvU
Kitchen,Specialty Glassware & Drinkware,1.0,https://fastly.picsum.photos/id/0/5000/3333.jpg?hmac=_j6ghY5fCfSD6tvtcV74zXivkJSPIfR9B8w34XeQmvU
Kitchen,Bakeware Sets - Metallic,1.0,https://fastly.picsum.photos/id/0/5000/3333.jpg?hmac=_j6ghY5fCfSD6tvtcV74zXivkJSPIfR9B8w34XeQmvU
Kitchen,Dinner Plates,1.0,https://fastly.picsum.photos/id/0/5000/3333.jpg?hmac=_j6ghY5fCfSD6tvtcV74zXivkJSPIfR9B8w34XeQmvU
Kitchen,Serveware Trays/Platters - Non Metallic,1.0,https://fastly.picsum.photos/id/0/5000/3333.jpg?hmac=_j6ghY5fCfSD6tvtcV74zXivkJSPIfR9B8w34XeQmvU
Kitchen,Serveware Carafe/Pitchers - Metallic,1.0,https://fastly.picsum.photos/id/0/5000/3333.jpg?hmac=_j6ghY5fCfSD6tvtcV74zXivkJSPIfR9B8w34XeQmvU
Kitchen,Cups & Saucers,1.0,https://fastly.picsum.photos/id/0/5000/3333.jpg?hmac=_j6ghY5fCfSD6tvtcV74zXivkJSPIfR9B8w34XeQmvU
Kitchen,Serveware Teapots/Kettles - Non Metallic,1.0,https://fastly.picsum.photos/id/0/5000/3333.jpg?hmac=_j6ghY5fCfSD6tvtcV74zXivkJSPIfR9B8w34XeQmvU
Kitchen,Cutlery Sets Stainless Steel,1.0,https://fastly.picsum.photos/id/0/5000/3333.jpg?hmac=_j6ghY5fCfSD6tvtcV74zXivkJSPIfR9B8w34XeQmvU
Kitchen,Drinkware Sets,1.0,https://fastly.picsum.photos/id/0/5000/3333.jpg?hmac=_j6ghY5fCfSD6tvtcV74zXivkJSPIfR9B8w34XeQmvU
Kitchen,Beer Glasses & Mugs,1.0,https://fastly.picsum.photos/id/0/5000/3333.jpg?hmac=_j6ghY5fCfSD6tvtcV74zXivkJSPIfR9B8w34XeQmvU
Kitchen,Cutting Boards,1.0,https://fastly.picsum.photos/id/0/5000/3333.jpg?hmac=_j6ghY5fCfSD6tvtcV74zXivkJSPIfR9B8w34XeQmvU
Kitchen,Fork,1.0,https://fastly.picsum.photos/id/0/5000/3333.jpg?hmac=_j6ghY5fCfSD6tvtcV74zXivkJSPIfR9B8w34XeQmvU
Kitchen,Soup Spoon,1.0,https://fastly.picsum.photos/id/0/5000/3333.jpg?hmac=_j6ghY5fCfSD6tvtcV74zXivkJSPIfR9B8w34XeQmvU
Kitchen,Specialty Storage,1.0,https://fastly.picsum.photos/id/0/5000/3333.jpg?hmac=_j6ghY5fCfSD6tvtcV74zXivkJSPIfR9B8w34XeQmvU
Kitchen,Molds & Plaques,1.0,https://fastly.picsum.photos/id/0/5000/3333.jpg?hmac=_j6ghY5fCfSD6tvtcV74zXivkJSPIfR9B8w34XeQmvU
Kitchen,Can Openers,1.0,https://fastly.picsum.photos/id/0/5000/3333.jpg?hmac=_j6ghY5fCfSD6tvtcV74zXivkJSPIfR9B8w34XeQmvU
Kitchen,Cooking Utensils - Metallic,1.0,https://fastly.picsum.photos/id/0/5000/3333.jpg?hmac=_j6ghY5fCfSD6tvtcV74zXivkJSPIfR9B8w34XeQmvU
Kitchen,Serveware Cream/Sugars - Metallic,1.0,https://fastly.picsum.photos/id/0/5000/3333.jpg?hmac=_j6ghY5fCfSD6tvtcV74zXivkJSPIfR9B8w34XeQmvU
Kitchen,Serveware Casseroles - Non Metallic,1.0,https://fastly.picsum.photos/id/0/5000/3333.jpg?hmac=_j6ghY5fCfSD6tvtcV74zXivkJSPIfR9B8w34XeQmvU
Kitchen,Spoon Rests & Trivets,1.0,https://fastly.picsum.photos/id/0/5000/3333.jpg?hmac=_j6ghY5fCfSD6tvtcV74zXivkJSPIfR9B8w34XeQmvU
Kitchen,Mixer Grinder Juicers,1.0,https://fastly.picsum.photos/id/0/5000/3333.jpg?hmac=_j6ghY5fCfSD6tvtcV74zXivkJSPIfR9B8w34XeQmvU
Kitchen,Irons,1.0,https://fastly.picsum.photos/id/0/5000/3333.jpg?hmac=_j6ghY5fCfSD6tvtcV74zXivkJSPIfR9B8w34XeQmvU
Kitchen,Flat Grills,1.0,https://fastly.picsum.photos/id/0/5000/3333.jpg?hmac=_j6ghY5fCfSD6tvtcV74zXivkJSPIfR9B8w34XeQmvU
Kitchen,Electric Tea Pots and Water Boilers,1.0,https://fastly.picsum.photos/id/0/5000/3333.jpg?hmac=_j6ghY5fCfSD6tvtcV74zXivkJSPIfR9B8w34XeQmvU
Kitchen,Toasters,1.0,https://fastly.picsum.photos/id/0/5000/3333.jpg?hmac=_j6ghY5fCfSD6tvtcV74zXivkJSPIfR9B8w34XeQmvU
Kitchen,Water Purifiers and Accessories,1.0,https://fastly.picsum.photos/id/0/5000/3333.jpg?hmac=_j6ghY5fCfSD6tvtcV74zXivkJSPIfR9B8w34XeQmvU
Kitchen,Specialty Electrics,1.0,https://fastly.picsum.photos/id/0/5000/3333.jpg?hmac=_j6ghY5fCfSD6tvtcV74zXivkJSPIfR9B8w34XeQmvU
Kitchen,Fans,1.0,https://fastly.picsum.photos/id/0/5000/3333.jpg?hmac=_j6ghY5fCfSD6tvtcV74zXivkJSPIfR9B8w34XeQmvU
Kitchen,Rice Cookers,1.0,https://fastly.picsum.photos/id/0/5000/3333.jpg?hmac=_j6ghY5fCfSD6tvtcV74zXivkJSPIfR9B8w34XeQmvU
Kitchen,Blenders,1.0,https://fastly.picsum.photos/id/0/5000/3333.jpg?hmac=_j6ghY5fCfSD6tvtcV74zXivkJSPIfR9B8w34XeQmvU
Kitchen,Food Processors,1.0,https://fastly.picsum.photos/id/0/5000/3333.jpg?hmac=_j6ghY5fCfSD6tvtcV74zXivkJSPIfR9B8w34XeQmvU
Kitchen,Juicers,1.0,https://fastly.picsum.photos/id/0/5000/3333.jpg?hmac=_j6ghY5fCfSD6tvtcV74zXivkJSPIfR9B8w34XeQmvU
Kitchen,Toaster Ovens,1.0,https://fastly.picsum.photos/id/0/5000/3333.jpg?hmac=_j6ghY5fCfSD6tvtcV74zXivkJSPIfR9B8w34XeQmvU
Kitchen,Contact Grills,1.0,https://fastly.picsum.photos/id/0/5000/3333.jpg?hmac=_j6ghY5fCfSD6tvtcV74zXivkJSPIfR9B8w34XeQmvU
Kitchen,Hand Mixers,1.0,https://fastly.picsum.photos/id/0/5000/3333.jpg?hmac=_j6ghY5fCfSD6tvtcV74zXivkJSPIfR9B8w34XeQmvU
Kitchen,Stemware,1.0,https://fastly.picsum.photos/id/0/5000/3333.jpg?hmac=_j6ghY5fCfSD6tvtcV74zXivkJSPIfR9B8w34XeQmvU
Kitchen,Electric Brooms,1.0,https://fastly.picsum.photos/id/0/5000/3333.jpg?hmac=_j6ghY5fCfSD6tvtcV74zXivkJSPIfR9B8w34XeQmvU
Kitchen,Voltage Stabilizers,1.0,https://fastly.picsum.photos/id/0/5000/3333.jpg?hmac=_j6ghY5fCfSD6tvtcV74zXivkJSPIfR9B8w34XeQmvU
Kitchen,Bread Machines,1.0,https://fastly.picsum.photos/id/0/5000/3333.jpg?hmac=_j6ghY5fCfSD6tvtcV74zXivkJSPIfR9B8w34XeQmvU
Kitchen,Waffle Irons,1.0,https://fastly.picsum.photos/id/0/5000/3333.jpg?hmac=_j6ghY5fCfSD6tvtcV74zXivkJSPIfR9B8w34XeQmvU
Kitchen,Steamers,1.0,https://fastly.picsum.photos/id/0/5000/3333.jpg?hmac=_j6ghY5fCfSD6tvtcV74zXivkJSPIfR9B8w34XeQmvU
Kitchen,Baking & Pastry,1.0,https://fastly.picsum.photos/id/0/5000/3333.jpg?hmac=_j6ghY5fCfSD6tvtcV74zXivkJSPIfR9B8w34XeQmvU
Kitchen,Food Steamers,1.0,https://fastly.picsum.photos/id/0/5000/3333.jpg?hmac=_j6ghY5fCfSD6tvtcV74zXivkJSPIfR9B8w34XeQmvU
Kitchen,Thermal Drinkware,1.0,https://fastly.picsum.photos/id/0/5000/3333.jpg?hmac=_j6ghY5fCfSD6tvtcV74zXivkJSPIfR9B8w34XeQmvU
"",Sports,1.0,https://fastly.picsum.photos/id/0/5000/3333.jpg?hmac=_j6ghY5fCfSD6tvtcV74zXivkJSPIfR9B8w34XeQmvU
Sports,Uncategorized,1.0,https://fastly.picsum.photos/id/0/5000/3333.jpg?hmac=_j6ghY5fCfSD6tvtcV74zXivkJSPIfR9B8w34XeQmvU
Sports,Skateboards,1.0,https://fastly.picsum.photos/id/0/5000/3333.jpg?hmac=_j6ghY5fCfSD6tvtcV74zXivkJSPIfR9B8w34XeQmvU
Sports,Inline-Skates,1.0,https://fastly.picsum.photos/id/0/5000/3333.jpg?hmac=_j6ghY5fCfSD6tvtcV74zXivkJSPIfR9B8w34XeQmvU
Sports,Ellipticals,1.0,https://fastly.picsum.photos/id/0/5000/3333.jpg?hmac=_j6ghY5fCfSD6tvtcV74zXivkJSPIfR9B8w34XeQmvU
Sports,Rowers,1.0,https://fastly.picsum.photos/id/0/5000/3333.jpg?hmac=_j6ghY5fCfSD6tvtcV74zXivkJSPIfR9B8w34XeQmvU
Sports,Fitnessbikes,1.0,https://fastly.picsum.photos/id/0/5000/3333.jpg?hmac=_j6ghY5fCfSD6tvtcV74zXivkJSPIfR9B8w34XeQmvU
Sports,Clothing,1.0,https://fastly.picsum.photos/id/0/5000/3333.jpg?hmac=_j6ghY5fCfSD6tvtcV74zXivkJSPIfR9B8w34XeQmvU
Sports,Accessories,1.0,https://fastly.picsum.photos/id/0/5000/3333.jpg?hmac=_j6ghY5fCfSD6tvtcV74zXivkJSPIfR9B8w34XeQmvU
Sports,Other Bikes,1.0,https://fastly.picsum.photos/id/0/5000/3333.jpg?hmac=_j6ghY5fCfSD6tvtcV74zXivkJSPIfR9B8w34XeQmvU
Sports,Treadmills,1.0,https://fastly.picsum.photos/id/0/5000/3333.jpg?hmac=_j6ghY5fCfSD6tvtcV74zXivkJSPIfR9B8w34XeQmvU
Sports,Other Equipment,1.0,https://fastly.picsum.photos/id/0/5000/3333.jpg?hmac=_j6ghY5fCfSD6tvtcV74zXivkJSPIfR9B8w34XeQmvU
Sports,Tops,1.0,https://fastly.picsum.photos/id/0/5000/3333.jpg?hmac=_j6ghY5fCfSD6tvtcV74zXivkJSPIfR9B8w34XeQmvU
Sports,Dumbbells & Weights,1.0,https://fastly.picsum.photos/id/0/5000/3333.jpg?hmac=_j6ghY5fCfSD6tvtcV74zXivkJSPIfR9B8w34XeQmvU
Sports,Raquets,1.0,https://fastly.picsum.photos/id/0/5000/3333.jpg?hmac=_j6ghY5fCfSD6tvtcV74zXivkJSPIfR9B8w34XeQmvU
Sports,Weight Lifting Gloves,1.0,https://fastly.picsum.photos/id/0/5000/3333.jpg?hmac=_j6ghY5fCfSD6tvtcV74zXivkJSPIfR9B8w34XeQmvU
Sports,Water Bottles,1.0,https://fastly.picsum.photos/id/0/5000/3333.jpg?hmac=_j6ghY5fCfSD6tvtcV74zXivkJSPIfR9B8w34XeQmvU
Sports,Balls,1.0,https://fastly.picsum.photos/id/0/5000/3333.jpg?hmac=_j6ghY5fCfSD6tvtcV74zXivkJSPIfR9B8w34XeQmvU
Sports,Gym Mats,1.0,https://fastly.picsum.photos/id/0/5000/3333.jpg?hmac=_j6ghY5fCfSD6tvtcV74zXivkJSPIfR9B8w34XeQmvU
Sports,Bats,1.0,https://fastly.picsum.photos/id/0/5000/3333.jpg?hmac=_j6ghY5fCfSD6tvtcV74zXivkJSPIfR9B8w34XeQmvU
Sports,Basketballs,1.0,https://fastly.picsum.photos/id/0/5000/3333.jpg?hmac=_j6ghY5fCfSD6tvtcV74zXivkJSPIfR9B8w34XeQmvU
Sports,Roller-skates,1.0,https://fastly.picsum.photos/id/0/5000/3333.jpg?hmac=_j6ghY5fCfSD6tvtcV74zXivkJSPIfR9B8w34XeQmvU
Sports,Protective Gear,1.0,https://fastly.picsum.photos/id/0/5000/3333.jpg?hmac=_j6ghY5fCfSD6tvtcV74zXivkJSPIfR9B8w34XeQmvU
Sports,Badminton Sets,1.0,https://fastly.picsum.photos/id/0/5000/3333.jpg?hmac=_j6ghY5fCfSD6tvtcV74zXivkJSPIfR9B8w34XeQmvU
Sports,Bands and Tubes,1.0,https://fastly.picsum.photos/id/0/5000/3333.jpg?hmac=_j6ghY5fCfSD6tvtcV74zXivkJSPIfR9B8w34XeQmvU
Sports,Shuttlecocks,1.0,https://fastly.picsum.photos/id/0/5000/3333.jpg?hmac=_j6ghY5fCfSD6tvtcV74zXivkJSPIfR9B8w34XeQmvU
Sports,Goggles,1.0,https://fastly.picsum.photos/id/0/5000/3333.jpg?hmac=_j6ghY5fCfSD6tvtcV74zXivkJSPIfR9B8w34XeQmvU
Sports,Balls & Globes,1.0,https://fastly.picsum.photos/id/0/5000/3333.jpg?hmac=_j6ghY5fCfSD6tvtcV74zXivkJSPIfR9B8w34XeQmvU
Sports,Weight Accessories,1.0,https://fastly.picsum.photos/id/0/5000/3333.jpg?hmac=_j6ghY5fCfSD6tvtcV74zXivkJSPIfR9B8w34XeQmvU
Sports,Shoes,1.0,https://fastly.picsum.photos/id/0/5000/3333.jpg?hmac=_j6ghY5fCfSD6tvtcV74zXivkJSPIfR9B8w34XeQmvU
Sports,Hydration Packs,1.0,https://fastly.picsum.photos/id/0/5000/3333.jpg?hmac=_j6ghY5fCfSD6tvtcV74zXivkJSPIfR9B8w34XeQmvU
Sports,Backpacks,1.0,https://fastly.picsum.photos/id/0/5000/3333.jpg?hmac=_j6ghY5fCfSD6tvtcV74zXivkJSPIfR9B8w34XeQmvU
Sports,Field Equipment,1.0,https://fastly.picsum.photos/id/0/5000/3333.jpg?hmac=_j6ghY5fCfSD6tvtcV74zXivkJSPIfR9B8w34XeQmvU
Sports,Weight Benches,1.0,https://fastly.picsum.photos/id/0/5000/3333.jpg?hmac=_j6ghY5fCfSD6tvtcV74zXivkJSPIfR9B8w34XeQmvU
Sports,Ball Accessories,1.0,https://fastly.picsum.photos/id/0/5000/3333.jpg?hmac=_j6ghY5fCfSD6tvtcV74zXivkJSPIfR9B8w34XeQmvU
Sports,Protection,1.0,https://fastly.picsum.photos/id/0/5000/3333.jpg?hmac=_j6ghY5fCfSD6tvtcV74zXivkJSPIfR9B8w34XeQmvU
Sports,Yoga,1.0,https://fastly.picsum.photos/id/0/5000/3333.jpg?hmac=_j6ghY5fCfSD6tvtcV74zXivkJSPIfR9B8w34XeQmvU
Sports,Swimming Caps,1.0,https://fastly.picsum.photos/id/0/5000/3333.jpg?hmac=_j6ghY5fCfSD6tvtcV74zXivkJSPIfR9B8w34XeQmvU
Sports,Table Games,1.0,https://fastly.picsum.photos/id/0/5000/3333.jpg?hmac=_j6ghY5fCfSD6tvtcV74zXivkJSPIfR9B8w34XeQmvU
Sports,Jump Robes,1.0,https://fastly.picsum.photos/id/0/5000/3333.jpg?hmac=_j6ghY5fCfSD6tvtcV74zXivkJSPIfR9B8w34XeQmvU
Sports,Gloves,1.0,https://fastly.picsum.photos/id/0/5000/3333.jpg?hmac=_j6ghY5fCfSD6tvtcV74zXivkJSPIfR9B8w34XeQmvU
Sports,Helmets & Face Protection,1.0,https://fastly.picsum.photos/id/0/5000/3333.jpg?hmac=_j6ghY5fCfSD6tvtcV74zXivkJSPIfR9B8w34XeQmvU
Sports,Maintenance & Tools,1.0,https://fastly.picsum.photos/id/0/5000/3333.jpg?hmac=_j6ghY5fCfSD6tvtcV74zXivkJSPIfR9B8w34XeQmvU
Sports,Covers,1.0,https://fastly.picsum.photos/id/0/5000/3333.jpg?hmac=_j6ghY5fCfSD6tvtcV74zXivkJSPIfR9B8w34XeQmvU
Sports,Coverings,1.0,https://fastly.picsum.photos/id/0/5000/3333.jpg?hmac=_j6ghY5fCfSD6tvtcV74zXivkJSPIfR9B8w34XeQmvU
Sports,American Football-Fangear,1.0,https://fastly.picsum.photos/id/0/5000/3333.jpg?hmac=_j6ghY5fCfSD6tvtcV74zXivkJSPIfR9B8w34XeQmvU
Sports,Grips,1.0,https://fastly.picsum.photos/id/0/5000/3333.jpg?hmac=_j6ghY5fCfSD6tvtcV74zXivkJSPIfR9B8w34XeQmvU
Sports,Knee & Elbow Protective Gear,1.0,https://fastly.picsum.photos/id/0/5000/3333.jpg?hmac=_j6ghY5fCfSD6tvtcV74zXivkJSPIfR9B8w34XeQmvU
Sports,Gymnastics,1.0,https://fastly.picsum.photos/id/0/5000/3333.jpg?hmac=_j6ghY5fCfSD6tvtcV74zXivkJSPIfR9B8w34XeQmvU
Sports,Body Weights,1.0,https://fastly.picsum.photos/id/0/5000/3333.jpg?hmac=_j6ghY5fCfSD6tvtcV74zXivkJSPIfR9B8w34XeQmvU
Sports,Table Tennis Sets,1.0,https://fastly.picsum.photos/id/0/5000/3333.jpg?hmac=_j6ghY5fCfSD6tvtcV74zXivkJSPIfR9B8w34XeQmvU
Sports,Backpack Accessories,1.0,https://fastly.picsum.photos/id/0/5000/3333.jpg?hmac=_j6ghY5fCfSD6tvtcV74zXivkJSPIfR9B8w34XeQmvU
Sports,Stepper,1.0,https://fastly.picsum.photos/id/0/5000/3333.jpg?hmac=_j6ghY5fCfSD6tvtcV74zXivkJSPIfR9B8w34XeQmvU
Sports,Cycling Helmets,1.0,https://fastly.picsum.photos/id/0/5000/3333.jpg?hmac=_j6ghY5fCfSD6tvtcV74zXivkJSPIfR9B8w34XeQmvU
Sports,Complete Sets,1.0,https://fastly.picsum.photos/id/0/5000/3333.jpg?hmac=_j6ghY5fCfSD6tvtcV74zXivkJSPIfR9B8w34XeQmvU
Sports,Basketball-Systems,1.0,https://fastly.picsum.photos/id/0/5000/3333.jpg?hmac=_j6ghY5fCfSD6tvtcV74zXivkJSPIfR9B8w34XeQmvU
Sports,Small Fitness Trampolines,1.0,https://fastly.picsum.photos/id/0/5000/3333.jpg?hmac=_j6ghY5fCfSD6tvtcV74zXivkJSPIfR9B8w34XeQmvU
Sports,Baseballbats,1.0,https://fastly.picsum.photos/id/0/5000/3333.jpg?hmac=_j6ghY5fCfSD6tvtcV74zXivkJSPIfR9B8w34XeQmvU
Sports,Table Tennis Tables,1.0,https://fastly.picsum.photos/id/0/5000/3333.jpg?hmac=_j6ghY5fCfSD6tvtcV74zXivkJSPIfR9B8w34XeQmvU
Sports,Cycling Computers,1.0,https://fastly.picsum.photos/id/0/5000/3333.jpg?hmac=_j6ghY5fCfSD6tvtcV74zXivkJSPIfR9B8w34XeQmvU
Sports,Bags,1.0,https://fastly.picsum.photos/id/0/5000/3333.jpg?hmac=_j6ghY5fCfSD6tvtcV74zXivkJSPIfR9B8w34XeQmvU
Sports,Kit Bags,1.0,https://fastly.picsum.photos/id/0/5000/3333.jpg?hmac=_j6ghY5fCfSD6tvtcV74zXivkJSPIfR9B8w34XeQmvU
Sports,Panniers and Bags,1.0,https://fastly.picsum.photos/id/0/5000/3333.jpg?hmac=_j6ghY5fCfSD6tvtcV74zXivkJSPIfR9B8w34XeQmvU
Sports,Sleeping bags,1.0,https://fastly.picsum.photos/id/0/5000/3333.jpg?hmac=_j6ghY5fCfSD6tvtcV74zXivkJSPIfR9B8w34XeQmvU
Sports,Golfbags,1.0,https://fastly.picsum.photos/id/0/5000/3333.jpg?hmac=_j6ghY5fCfSD6tvtcV74zXivkJSPIfR9B8w34XeQmvU
"",Video Games,1.0,https://fastly.picsum.photos/id/0/5000/3333.jpg?hmac=_j6ghY5fCfSD6tvtcV74zXivkJSPIfR9B8w34XeQmvU
Video Games,Games CD,1.0,https://fastly.picsum.photos/id/0/5000/3333.jpg?hmac=_j6ghY5fCfSD6tvtcV74zXivkJSPIfR9B8w34XeQmvU
Video Games,Cables & Adapters,1.0,https://fastly.picsum.photos/id/0/5000/3333.jpg?hmac=_j6ghY5fCfSD6tvtcV74zXivkJSPIfR9B8w34XeQmvU
Video Games,Skins & Faceplates,1.0,https://fastly.picsum.photos/id/0/5000/3333.jpg?hmac=_j6ghY5fCfSD6tvtcV74zXivkJSPIfR9B8w34XeQmvU
Video Games,Console,1.0,https://fastly.picsum.photos/id/0/5000/3333.jpg?hmac=_j6ghY5fCfSD6tvtcV74zXivkJSPIfR9B8w34XeQmvU
Video Games,Controllers,1.0,https://fastly.picsum.photos/id/0/5000/3333.jpg?hmac=_j6ghY5fCfSD6tvtcV74zXivkJSPIfR9B8w34XeQmvU
"",Watches,1.0,https://fastly.picsum.photos/id/0/5000/3333.jpg?hmac=_j6ghY5fCfSD6tvtcV74zXivkJSPIfR9B8w34XeQmvU
Watches,INR 2000 - INR 9999,1.0,https://fastly.picsum.photos/id/0/5000/3333.jpg?hmac=_j6ghY5fCfSD6tvtcV74zXivkJSPIfR9B8w34XeQmvU
Watches,INR 0.0 - INR 1999,1.0,https://fastly.picsum.photos/id/0/5000/3333.jpg?hmac=_j6ghY5fCfSD6tvtcV74zXivkJSPIfR9B8w34XeQmvU
Watches,INR 10_000 - INR 29_999,1.0,https://fastly.picsum.photos/id/0/5000/3333.jpg?hmac=_j6ghY5fCfSD6tvtcV74zXivkJSPIfR9B8w34XeQmvU
Watches,INR 30_000 - INR 1_00_000,1.0,https://fastly.picsum.photos/id/0/5000/3333.jpg?hmac=_j6ghY5fCfSD6tvtcV74zXivkJSPIfR9B8w34XeQmvU
Watches,INR 1_00_000 Plus,1.0,https://fastly.picsum.photos/id/0/5000/3333.jpg?hmac=_j6ghY5fCfSD6tvtcV74zXivkJSPIfR9B8w34XeQmvU
